config,Level,Field,Type,N,ExactAcc,Precision,Recall,F1,HallucinationRate,MissRate_N,MissRate_validGold,N_valid,BothNull,MAE,RMSE,TolAcc_0,TolAcc_0.5,TolAcc_1.0,TolAcc_1.5,TolAcc_2.0,Accuracy,MacroF1,Kappa,AUROC,TolAcc_1,TolAcc_2,TolAcc_3,TolAcc_4,TolAcc_5,ReportExactMatch,ReportExactCount,OverallAverage_4Q,OverallAverage_ref
RuleBased,field,TumorLocation,array,476,0.9097,1.0,0.9129,0.9545,0.0,0.0861,0.0861,,,,,,,,,,,,,,,,,,,,,,
RuleBased,field,TumorCircumference,array,476,0.8382,0.9789,0.7868,0.8724,0.0211,0.1408,0.1435,,,,,,,,,,,,,,,,,,,,,,
RuleBased,field,TumorSize,numeric,476,,,,,0.0,0.0399,0.0402,454.0,3.0,0.0037,0.0798,0.9978,0.9978,0.9978,0.9978,1.0,,,,,,,,,,,,,
RuleBased,field,Histologic_type,array,476,0.8256,0.8354,0.8422,0.8388,0.1646,0.0777,0.0777,,,,,,,,,,,,,,,,,,,,,,
RuleBased,field,Lauren_type,categorical,476,,,,,0.0,0.0252,0.026,450.0,14.0,,,,,,,,1.0,1.0,1.0,,,,,,,,,,
RuleBased,field,Differentiation,array,476,0.6029,0.6351,0.6779,0.6558,0.3649,0.0567,0.0651,,,,,,,,,,,,,,,,,,,,,,
RuleBased,field,ProximalMargin,numeric,476,,,,,0.0,0.042,0.0422,454.0,2.0,0.0004,0.0094,0.9978,1.0,1.0,1.0,1.0,,,,,,,,,,,,,
RuleBased,field,DistalMargin,numeric,476,,,,,0.0,0.0462,0.0463,453.0,1.0,0.0026,0.0564,0.9978,0.9978,0.9978,1.0,1.0,,,,,,,,,,,,,
RuleBased,field,LymphovascularInvasion,binary,476,,,,1.0,0.0,0.0021,0.0021,474.0,1.0,,,,,,,,1.0,,,1.0,,,,,,,,,
RuleBased,field,PerineuralInvasion,binary,476,,,,1.0,0.0,0.0021,0.0021,474.0,1.0,,,,,,,,1.0,,,1.0,,,,,,,,,
RuleBased,field,T_stage,categorical,476,,,,,0.0,0.0147,0.0148,466.0,3.0,,,,,,,,0.9807,0.8519,0.9743,,,,,,,,,,
RuleBased,field,N_stage,categorical,476,,,,,0.0042,0.0042,0.0042,472.0,0.0,,,,,,,,0.9915,0.8252,0.9828,,,,,,,,,,
RuleBased,field,M_stage,categorical,476,,,,,0.0,0.0105,0.0105,470.0,1.0,,,,,,,,0.9872,0.8813,0.763,,,,,,,,,,
RuleBased,field,Staging,categorical,476,,,,,0.0,0.0441,0.0446,450.0,5.0,,,,,,,,0.9356,0.8081,0.9004,,,,,,,,,,
RuleBased,field,MetastaticLymphNode,numeric,476,,,,,0.0,0.0042,0.0042,474.0,0.0,0.0274,0.387,0.9895,,,,,,,,,0.9958,0.9979,0.9979,0.9979,0.9979,,,,
RuleBased,field,HarvestedLymphNode,numeric,476,,,,,0.0,0.0042,0.0042,474.0,0.0,0.2342,2.9046,0.9852,,,,,,,,,0.9873,0.9873,0.9873,0.9895,0.9916,,,,
RuleBased,report,ALL,report,476,,,,,,,,,,,,,,,,,,,,,,,,,,0.4706,224.0,92.5683,91.6669
Llama3.1-8B_ZeroShot,field,TumorLocation,array,476,0.5672,0.5672,0.6099,0.5878,0.4328,0.0336,0.0336,,,,,,,,,,,,,,,,,,,,,,
Llama3.1-8B_ZeroShot,field,TumorCircumference,array,476,0.6975,0.8198,0.6868,0.7474,0.1802,0.1744,0.1777,,,,,,,,,,,,,,,,,,,,,,
Llama3.1-8B_ZeroShot,field,TumorSize,numeric,476,,,,,0.0,0.0567,0.0571,446.0,3.0,0.4135,2.2312,0.935,0.9507,0.9574,0.9641,0.9641,,,,,,,,,,,,,
Llama3.1-8B_ZeroShot,field,Histologic_type,array,476,0.2122,0.24,0.2705,0.2543,0.76,0.0399,0.0399,,,,,,,,,,,,,,,,,,,,,,
Llama3.1-8B_ZeroShot,field,Lauren_type,categorical,476,,,,,0.0,0.063,0.063,446.0,0.0,,,,,,,,0.9417,0.3131,0.8905,,,,,,,,,,
Llama3.1-8B_ZeroShot,field,Differentiation,array,476,0.4895,0.5175,0.6058,0.5581,0.4825,0.0357,0.041,,,,,,,,,,,,,,,,,,,,,,
Llama3.1-8B_ZeroShot,field,ProximalMargin,numeric,476,,,,,0.0,0.0462,0.0464,452.0,2.0,1.0728,19.695,0.9602,0.9624,0.9646,0.9646,0.9668,,,,,,,,,,,,,
Llama3.1-8B_ZeroShot,field,DistalMargin,numeric,476,,,,,0.0,0.0546,0.0547,449.0,1.0,1.857,37.5233,0.9666,0.971,0.9733,0.9755,0.9822,,,,,,,,,,,,,
Llama3.1-8B_ZeroShot,field,LymphovascularInvasion,binary,476,,,,0.8696,0.0,0.0189,0.0189,466.0,1.0,,,,,,,,0.8519,,,0.8684,,,,,,,,,
Llama3.1-8B_ZeroShot,field,PerineuralInvasion,binary,476,,,,0.9695,0.0,0.021,0.0211,465.0,1.0,,,,,,,,0.9828,,,0.9724,,,,,,,,,
Llama3.1-8B_ZeroShot,field,T_stage,categorical,476,,,,,0.0021,0.0273,0.0275,460.0,2.0,,,,,,,,0.9609,0.7033,0.9479,,,,,,,,,,
Llama3.1-8B_ZeroShot,field,N_stage,categorical,476,,,,,0.0042,0.0231,0.0232,463.0,0.0,,,,,,,,0.9892,0.8168,0.9774,,,,,,,,,,
Llama3.1-8B_ZeroShot,field,M_stage,categorical,476,,,,,0.0021,0.0231,0.0232,464.0,0.0,,,,,,,,0.9871,0.8717,0.7438,,,,,,,,,,
Llama3.1-8B_ZeroShot,field,Staging,categorical,476,,,,,0.0063,0.0483,0.0488,448.0,2.0,,,,,,,,0.7031,0.3094,0.5099,,,,,,,,,,
Llama3.1-8B_ZeroShot,field,MetastaticLymphNode,numeric,476,,,,,0.0,0.0315,0.0315,461.0,0.0,0.1258,1.319,0.9805,,,,,,,,,0.9805,0.987,0.9913,0.9935,0.9935,,,,
Llama3.1-8B_ZeroShot,field,HarvestedLymphNode,numeric,476,,,,,0.0,0.0546,0.0546,450.0,0.0,0.0978,1.17,0.9844,,,,,,,,,0.9867,0.9889,0.9889,0.9933,0.9978,,,,
Llama3.1-8B_ZeroShot,report,ALL,report,476,,,,,,,,,,,,,,,,,,,,,,,,,,0.0063,3.0,79.9238,74.0906
Llama3.1-8B_FewShot,field,TumorLocation,array,476,0.813,0.8802,0.8436,0.8615,0.1198,0.0609,0.0609,,,,,,,,,,,,,,,,,,,,,,
Llama3.1-8B_FewShot,field,TumorCircumference,array,476,0.8025,0.9289,0.7887,0.8531,0.0711,0.1366,0.1392,,,,,,,,,,,,,,,,,,,,,,
Llama3.1-8B_FewShot,field,TumorSize,numeric,476,,,,,0.0,0.0651,0.0655,442.0,3.0,0.3147,1.8048,0.9615,0.9615,0.9638,0.9661,0.9683,,,,,,,,,,,,,
Llama3.1-8B_FewShot,field,Histologic_type,array,476,0.7437,0.7713,0.8156,0.7928,0.2287,0.0525,0.0525,,,,,,,,,,,,,,,,,,,,,,
Llama3.1-8B_FewShot,field,Lauren_type,categorical,476,,,,,0.0,0.063,0.063,446.0,0.0,,,,,,,,0.9888,0.6978,0.9784,,,,,,,,,,
Llama3.1-8B_FewShot,field,Differentiation,array,476,0.6597,0.6829,0.8077,0.7401,0.3171,0.0441,0.0506,,,,,,,,,,,,,,,,,,,,,,
Llama3.1-8B_FewShot,field,ProximalMargin,numeric,476,,,,,0.0,0.0714,0.0717,440.0,2.0,0.0602,0.6051,0.9864,0.9886,0.9886,0.9886,0.9886,,,,,,,,,,,,,
Llama3.1-8B_FewShot,field,DistalMargin,numeric,476,,,,,0.0,0.0609,0.0611,446.0,1.0,0.0704,0.5444,0.9731,0.9776,0.9776,0.9798,0.9888,,,,,,,,,,,,,
Llama3.1-8B_FewShot,field,LymphovascularInvasion,binary,476,,,,0.9187,0.0,0.0924,0.0926,431.0,1.0,,,,,,,,0.9072,,,0.9119,,,,,,,,,
Llama3.1-8B_FewShot,field,PerineuralInvasion,binary,476,,,,0.9961,0.0,0.0483,0.0484,452.0,1.0,,,,,,,,0.9978,,,0.9961,,,,,,,,,
Llama3.1-8B_FewShot,field,T_stage,categorical,476,,,,,0.0,0.042,0.0423,453.0,3.0,,,,,,,,0.9801,0.8144,0.9735,,,,,,,,,,
Llama3.1-8B_FewShot,field,N_stage,categorical,476,,,,,0.0042,0.042,0.0422,454.0,0.0,,,,,,,,0.9956,0.825,0.9909,,,,,,,,,,
Llama3.1-8B_FewShot,field,M_stage,categorical,476,,,,,0.0021,0.0399,0.04,456.0,0.0,,,,,,,,0.9868,0.8716,0.7437,,,,,,,,,,
Llama3.1-8B_FewShot,field,Staging,categorical,476,,,,,0.0021,0.0609,0.0616,442.0,4.0,,,,,,,,0.6516,0.2538,0.4639,,,,,,,,,,
Llama3.1-8B_FewShot,field,MetastaticLymphNode,numeric,476,,,,,0.0,0.042,0.042,456.0,0.0,0.0329,0.3473,0.9868,,,,,,,,,0.9912,0.9956,0.9978,0.9978,0.9978,,,,
Llama3.1-8B_FewShot,field,HarvestedLymphNode,numeric,476,,,,,0.0,0.0546,0.0546,450.0,0.0,0.1733,2.1312,0.9844,,,,,,,,,0.9867,0.9889,0.9889,0.9911,0.9956,,,,
Llama3.1-8B_FewShot,report,ALL,report,476,,,,,,,,,,,,,,,,,,,,,,,,,,0.2731,130.0,86.1607,84.5794
Llama3.1-8B_CoT,field,TumorLocation,array,476,0.5294,0.6105,0.5525,0.58,0.3895,0.1639,0.1639,,,,,,,,,,,,,,,,,,,,,,
Llama3.1-8B_CoT,field,TumorCircumference,array,476,0.6387,0.9171,0.6057,0.7295,0.0829,0.3109,0.3169,,,,,,,,,,,,,,,,,,,,,,
Llama3.1-8B_CoT,field,TumorSize,numeric,476,,,,,0.0,0.187,0.1882,384.0,3.0,0.3823,2.1789,0.9583,0.9583,0.9609,0.9661,0.9661,,,,,,,,,,,,,
Llama3.1-8B_CoT,field,Histologic_type,array,476,0.2332,0.329,0.3115,0.32,0.671,0.1723,0.1723,,,,,,,,,,,,,,,,,,,,,,
Llama3.1-8B_CoT,field,Lauren_type,categorical,476,,,,,0.0,0.1765,0.1765,392.0,0.0,,,,,,,,0.8929,0.3558,0.8106,,,,,,,,,,
Llama3.1-8B_CoT,field,Differentiation,array,476,0.4076,0.4792,0.4976,0.4882,0.5208,0.1471,0.1687,,,,,,,,,,,,,,,,,,,,,,
Llama3.1-8B_CoT,field,ProximalMargin,numeric,476,,,,,0.0,0.1765,0.1772,390.0,2.0,1.2203,21.2011,0.9615,0.9641,0.9667,0.9667,0.9692,,,,,,,,,,,,,
Llama3.1-8B_CoT,field,DistalMargin,numeric,476,,,,,0.0,0.1849,0.1853,387.0,1.0,2.1346,40.4165,0.969,0.9716,0.9742,0.9767,0.9845,,,,,,,,,,,,,
Llama3.1-8B_CoT,field,LymphovascularInvasion,binary,476,,,,0.8701,0.0021,0.1534,0.1537,402.0,0.0,,,,,,,,0.8507,,,0.8688,,,,,,,,,
Llama3.1-8B_CoT,field,PerineuralInvasion,binary,476,,,,0.9694,0.0021,0.1555,0.1558,401.0,0.0,,,,,,,,0.9825,,,0.9726,,,,,,,,,
Llama3.1-8B_CoT,field,T_stage,categorical,476,,,,,0.0042,0.1576,0.1586,398.0,1.0,,,,,,,,0.9523,0.6344,0.9369,,,,,,,,,,
Llama3.1-8B_CoT,field,N_stage,categorical,476,,,,,0.0042,0.1639,0.1646,396.0,0.0,,,,,,,,0.9848,0.6971,0.9695,,,,,,,,,,
Llama3.1-8B_CoT,field,M_stage,categorical,476,,,,,0.0021,0.1639,0.1642,397.0,0.0,,,,,,,,0.9572,0.7147,0.4305,,,,,,,,,,
Llama3.1-8B_CoT,field,Staging,categorical,476,,,,,0.0084,0.1639,0.1656,393.0,1.0,,,,,,,,0.631,0.1837,0.4373,,,,,,,,,,
Llama3.1-8B_CoT,field,MetastaticLymphNode,numeric,476,,,,,0.0,0.166,0.166,397.0,0.0,0.1814,1.4905,0.9698,,,,,,,,,0.9723,0.9773,0.9849,0.9874,0.9899,,,,
Llama3.1-8B_CoT,field,HarvestedLymphNode,numeric,476,,,,,0.0,0.1912,0.1912,385.0,0.0,0.1377,1.5667,0.987,,,,,,,,,0.987,0.9896,0.9896,0.9922,0.9948,,,,
Llama3.1-8B_CoT,report,ALL,report,476,,,,,,,,,,,,,,,,,,,,,,,,,,0.0462,22.0,68.7894,71.2425
Gemma3-12B_ZeroShot,field,TumorLocation,array,476,0.4496,0.5294,0.6059,0.5651,0.4706,0.0462,0.0462,,,,,,,,,,,,,,,,,,,,,,
Gemma3-12B_ZeroShot,field,TumorCircumference,array,476,0.7752,0.8826,0.7943,0.8361,0.1174,0.145,0.1478,,,,,,,,,,,,,,,,,,,,,,
Gemma3-12B_ZeroShot,field,TumorSize,numeric,476,,,,,0.0,0.0567,0.0571,446.0,3.0,0.2562,1.0071,0.8722,0.9013,0.926,0.9439,0.9574,,,,,,,,,,,,,
Gemma3-12B_ZeroShot,field,Histologic_type,array,476,0.4118,0.5452,0.8648,0.6688,0.4548,0.0483,0.0483,,,,,,,,,,,,,,,,,,,,,,
Gemma3-12B_ZeroShot,field,Lauren_type,categorical,476,,,,,0.0,0.0588,0.0588,448.0,0.0,,,,,,,,0.9821,0.5966,0.9658,,,,,,,,,,
Gemma3-12B_ZeroShot,field,Differentiation,array,476,0.5294,0.5703,0.7019,0.6293,0.4297,0.0441,0.0506,,,,,,,,,,,,,,,,,,,,,,
Gemma3-12B_ZeroShot,field,ProximalMargin,numeric,476,,,,,0.0,0.0735,0.0738,439.0,2.0,0.0219,0.2583,0.9909,0.9932,0.9932,0.9932,0.9932,,,,,,,,,,,,,
Gemma3-12B_ZeroShot,field,DistalMargin,numeric,476,,,,,0.0,0.0609,0.0611,446.0,1.0,0.0827,0.5519,0.9731,0.9731,0.9731,0.9753,0.9843,,,,,,,,,,,,,
Gemma3-12B_ZeroShot,field,LymphovascularInvasion,binary,476,,,,0.907,0.0,0.0462,0.0463,453.0,1.0,,,,,,,,0.8918,,,0.9013,,,,,,,,,
Gemma3-12B_ZeroShot,field,PerineuralInvasion,binary,476,,,,0.9961,0.0,0.063,0.0632,445.0,1.0,,,,,,,,0.9978,,,0.9961,,,,,,,,,
Gemma3-12B_ZeroShot,field,T_stage,categorical,476,,,,,0.0,0.0378,0.0381,455.0,3.0,,,,,,,,0.9802,0.9733,0.9736,,,,,,,,,,
Gemma3-12B_ZeroShot,field,N_stage,categorical,476,,,,,0.0042,0.0336,0.0338,458.0,0.0,,,,,,,,0.9956,0.825,0.9909,,,,,,,,,,
Gemma3-12B_ZeroShot,field,M_stage,categorical,476,,,,,0.0021,0.0168,0.0168,467.0,0.0,,,,,,,,0.9807,0.8284,0.6569,,,,,,,,,,
Gemma3-12B_ZeroShot,field,Staging,categorical,476,,,,,0.0021,0.4517,0.4565,256.0,4.0,,,,,,,,0.7344,0.2662,0.4667,,,,,,,,,,
Gemma3-12B_ZeroShot,field,MetastaticLymphNode,numeric,476,,,,,0.0,0.0294,0.0294,462.0,0.0,0.3853,3.2825,0.974,,,,,,,,,0.974,0.9805,0.987,0.987,0.987,,,,
Gemma3-12B_ZeroShot,field,HarvestedLymphNode,numeric,476,,,,,0.0,0.0483,0.0483,453.0,0.0,0.468,3.0988,0.9272,,,,,,,,,0.9426,0.9713,0.9713,0.9801,0.9868,,,,
Gemma3-12B_ZeroShot,report,ALL,report,476,,,,,,,,,,,,,,,,,,,,,,,,,,0.0336,16.0,79.3592,80.655
Gemma3-12B_FewShot,field,TumorLocation,array,476,0.8382,0.9148,0.8713,0.8925,0.0852,0.0672,0.0672,,,,,,,,,,,,,,,,,,,,,,
Gemma3-12B_FewShot,field,TumorCircumference,array,476,0.792,0.9466,0.7698,0.8491,0.0534,0.1597,0.1627,,,,,,,,,,,,,,,,,,,,,,
Gemma3-12B_FewShot,field,TumorSize,numeric,476,,,,,0.0,0.0567,0.0571,446.0,3.0,0.338,2.0638,0.9596,0.9596,0.9641,0.9709,0.9709,,,,,,,,,,,,,
Gemma3-12B_FewShot,field,Histologic_type,array,476,0.7416,0.7611,0.8422,0.7996,0.2389,0.0525,0.0525,,,,,,,,,,,,,,,,,,,,,,
Gemma3-12B_FewShot,field,Lauren_type,categorical,476,,,,,0.0,0.0693,0.0693,443.0,0.0,,,,,,,,0.9932,0.5993,0.9868,,,,,,,,,,
Gemma3-12B_FewShot,field,Differentiation,array,476,0.5399,0.58,0.6971,0.6332,0.42,0.0462,0.053,,,,,,,,,,,,,,,,,,,,,,
Gemma3-12B_FewShot,field,ProximalMargin,numeric,476,,,,,0.0,0.0756,0.0759,438.0,2.0,0.0151,0.2153,0.9932,0.9954,0.9954,0.9954,0.9954,,,,,,,,,,,,,
Gemma3-12B_FewShot,field,DistalMargin,numeric,476,,,,,0.0,0.0714,0.0716,441.0,1.0,0.0236,0.2382,0.9864,0.9909,0.9909,0.9932,0.9955,,,,,,,,,,,,,
Gemma3-12B_FewShot,field,LymphovascularInvasion,binary,476,,,,0.9637,0.0,0.1134,0.1137,421.0,1.0,,,,,,,,0.9572,,,0.9543,,,,,,,,,
Gemma3-12B_FewShot,field,PerineuralInvasion,binary,476,,,,0.9961,0.0,0.0672,0.0674,443.0,1.0,,,,,,,,0.9977,,,0.9961,,,,,,,,,
Gemma3-12B_FewShot,field,T_stage,categorical,476,,,,,0.0,0.042,0.0423,453.0,3.0,,,,,,,,0.9735,0.8294,0.9647,,,,,,,,,,
Gemma3-12B_FewShot,field,N_stage,categorical,476,,,,,0.0042,0.0462,0.0464,452.0,0.0,,,,,,,,0.9956,0.825,0.9908,,,,,,,,,,
Gemma3-12B_FewShot,field,M_stage,categorical,476,,,,,0.0,0.0525,0.0526,450.0,1.0,,,,,,,,0.9822,0.8416,0.6832,,,,,,,,,,
Gemma3-12B_FewShot,field,Staging,categorical,476,,,,,0.0021,0.584,0.5902,193.0,4.0,,,,,,,,0.9585,0.3493,0.7105,,,,,,,,,,
Gemma3-12B_FewShot,field,MetastaticLymphNode,numeric,476,,,,,0.0,0.0462,0.0462,454.0,0.0,0.1211,1.3739,0.9846,,,,,,,,,0.9846,0.9912,0.9934,0.9934,0.9934,,,,
Gemma3-12B_FewShot,field,HarvestedLymphNode,numeric,476,,,,,0.0,0.0546,0.0546,450.0,0.0,0.2178,1.6452,0.9533,,,,,,,,,0.9667,0.9822,0.9822,0.9889,0.9933,,,,
Gemma3-12B_FewShot,report,ALL,report,476,,,,,,,,,,,,,,,,,,,,,,,,,,0.1345,64.0,83.968,84.3219
Gemma3-12B_CoT,field,TumorLocation,array,476,0.4349,0.6397,0.5168,0.5717,0.3603,0.2563,0.2563,,,,,,,,,,,,,,,,,,,,,,
Gemma3-12B_CoT,field,TumorCircumference,array,476,0.6071,0.9211,0.5943,0.7225,0.0789,0.3361,0.3426,,,,,,,,,,,,,,,,,,,,,,
Gemma3-12B_CoT,field,TumorSize,numeric,476,,,,,0.0,0.2605,0.2622,349.0,3.0,0.3618,1.4715,0.8711,0.8911,0.9112,0.9456,0.957,,,,,,,,,,,,,
Gemma3-12B_CoT,field,Histologic_type,array,476,0.3697,0.5669,0.5902,0.5783,0.4331,0.2563,0.2563,,,,,,,,,,,,,,,,,,,,,,
Gemma3-12B_CoT,field,Lauren_type,categorical,476,,,,,0.0,0.2605,0.2605,352.0,0.0,,,,,,,,0.9858,0.8514,0.9696,,,,,,,,,,
Gemma3-12B_CoT,field,Differentiation,array,476,0.5021,0.6171,0.5889,0.6027,0.3829,0.2059,0.2361,,,,,,,,,,,,,,,,,,,,,,
Gemma3-12B_CoT,field,ProximalMargin,numeric,476,,,,,0.0,0.2689,0.27,346.0,2.0,0.0584,0.4887,0.9798,0.9855,0.9855,0.9855,0.9855,,,,,,,,,,,,,
Gemma3-12B_CoT,field,DistalMargin,numeric,476,,,,,0.0,0.2689,0.2695,347.0,1.0,2.3392,42.68,0.9798,0.9827,0.9827,0.9827,0.9885,,,,,,,,,,,,,
Gemma3-12B_CoT,field,LymphovascularInvasion,binary,476,,,,0.89,0.0,0.2479,0.2484,357.0,1.0,,,,,,,,0.8739,,,0.8836,,,,,,,,,
Gemma3-12B_CoT,field,PerineuralInvasion,binary,476,,,,0.9944,0.0,0.2605,0.2611,351.0,1.0,,,,,,,,0.9972,,,0.9944,,,,,,,,,
Gemma3-12B_CoT,field,T_stage,categorical,476,,,,,0.0,0.2458,0.2474,356.0,3.0,,,,,,,,0.9719,0.828,0.9624,,,,,,,,,,
Gemma3-12B_CoT,field,N_stage,categorical,476,,,,,0.0021,0.2479,0.2489,356.0,1.0,,,,,,,,0.9972,0.992,0.9938,,,,,,,,,,
Gemma3-12B_CoT,field,M_stage,categorical,476,,,,,0.0021,0.2458,0.2463,358.0,0.0,,,,,,,,0.9888,0.886,0.7723,,,,,,,,,,
Gemma3-12B_CoT,field,Staging,categorical,476,,,,,0.0021,0.2899,0.293,333.0,4.0,,,,,,,,0.6306,0.2102,0.3748,,,,,,,,,,
Gemma3-12B_CoT,field,MetastaticLymphNode,numeric,476,,,,,0.0,0.2479,0.2479,358.0,0.0,0.1006,1.1889,0.9888,,,,,,,,,0.9888,0.9916,0.9944,0.9944,0.9944,,,,
Gemma3-12B_CoT,field,HarvestedLymphNode,numeric,476,,,,,0.0,0.2521,0.2521,356.0,0.0,0.3904,3.0331,0.9466,,,,,,,,,0.9579,0.9719,0.9747,0.9775,0.986,,,,
Gemma3-12B_CoT,report,ALL,report,476,,,,,,,,,,,,,,,,,,,,,,,,,,0.0273,13.0,64.2595,80.92
Qwen2.5-7B_ZeroShot,field,TumorLocation,array,476,0.7101,0.7551,0.7327,0.7437,0.2449,0.0693,0.0693,,,,,,,,,,,,,,,,,,,,,,
Qwen2.5-7B_ZeroShot,field,TumorCircumference,array,476,0.7332,0.9404,0.7151,0.8124,0.0596,0.1996,0.2034,,,,,,,,,,,,,,,,,,,,,,
Qwen2.5-7B_ZeroShot,field,TumorSize,numeric,476,,,,,0.0,0.0609,0.0613,444.0,3.0,0.4293,2.2278,0.8896,0.9459,0.955,0.964,0.964,,,,,,,,,,,,,
Qwen2.5-7B_ZeroShot,field,Histologic_type,array,476,0.2479,0.2684,0.2766,0.2725,0.7316,0.0525,0.0525,,,,,,,,,,,,,,,,,,,,,,
Qwen2.5-7B_ZeroShot,field,Lauren_type,categorical,476,,,,,0.0,0.0651,0.0651,445.0,0.0,,,,,,,,0.8112,0.1773,0.6762,,,,,,,,,,
Qwen2.5-7B_ZeroShot,field,Differentiation,array,476,0.5189,0.5366,0.5986,0.5659,0.4634,0.0441,0.0506,,,,,,,,,,,,,,,,,,,,,,
Qwen2.5-7B_ZeroShot,field,ProximalMargin,numeric,476,,,,,0.0021,0.0777,0.0781,437.0,1.0,0.0506,0.4984,0.9863,0.9886,0.9886,0.9886,0.9886,,,,,,,,,,,,,
Qwen2.5-7B_ZeroShot,field,DistalMargin,numeric,476,,,,,0.0,0.0735,0.0737,440.0,1.0,0.0652,0.5751,0.9818,0.9841,0.9841,0.9864,0.9886,,,,,,,,,,,,,
Qwen2.5-7B_ZeroShot,field,LymphovascularInvasion,binary,476,,,,0.9053,0.0,0.0399,0.04,456.0,1.0,,,,,,,,0.8904,,,0.899,,,,,,,,,
Qwen2.5-7B_ZeroShot,field,PerineuralInvasion,binary,476,,,,0.9961,0.0,0.0588,0.0589,447.0,1.0,,,,,,,,0.9978,,,0.9961,,,,,,,,,
Qwen2.5-7B_ZeroShot,field,T_stage,categorical,476,,,,,0.0,0.0399,0.0402,454.0,3.0,,,,,,,,0.9714,0.8073,0.9618,,,,,,,,,,
Qwen2.5-7B_ZeroShot,field,N_stage,categorical,476,,,,,0.0042,0.0399,0.0401,455.0,0.0,,,,,,,,0.9956,0.825,0.9909,,,,,,,,,,
Qwen2.5-7B_ZeroShot,field,M_stage,categorical,476,,,,,0.0021,0.0021,0.0021,474.0,0.0,,,,,,,,0.9768,0.8166,0.6332,,,,,,,,,,
Qwen2.5-7B_ZeroShot,field,Staging,categorical,476,,,,,0.0042,0.0378,0.0382,453.0,3.0,,,,,,,,0.6137,0.1385,0.4478,,,,,,,,,,
Qwen2.5-7B_ZeroShot,field,MetastaticLymphNode,numeric,476,,,,,0.0,0.0399,0.0399,457.0,0.0,0.0153,0.1812,0.9912,,,,,,,,,0.9956,0.9978,1.0,1.0,1.0,,,,
Qwen2.5-7B_ZeroShot,field,HarvestedLymphNode,numeric,476,,,,,0.0,0.0525,0.0525,451.0,0.0,1.7494,7.2438,0.9002,,,,,,,,,0.9135,0.9246,0.9246,0.9313,0.9357,,,,
Qwen2.5-7B_ZeroShot,report,ALL,report,476,,,,,,,,,,,,,,,,,,,,,,,,,,0.0084,4.0,79.7006,74.3713
Qwen2.5-7B_FewShot,field,TumorLocation,array,476,0.8151,0.8716,0.8871,0.8793,0.1284,0.0588,0.0588,,,,,,,,,,,,,,,,,,,,,,
Qwen2.5-7B_FewShot,field,TumorCircumference,array,476,0.7899,0.8287,0.8491,0.8388,0.1713,0.0819,0.0835,,,,,,,,,,,,,,,,,,,,,,
Qwen2.5-7B_FewShot,field,TumorSize,numeric,476,,,,,0.0,0.0609,0.0613,444.0,3.0,0.4147,2.0733,0.9009,0.9324,0.9437,0.955,0.9617,,,,,,,,,,,,,
Qwen2.5-7B_FewShot,field,Histologic_type,array,476,0.6954,0.6994,0.7725,0.7342,0.3006,0.0525,0.0525,,,,,,,,,,,,,,,,,,,,,,
Qwen2.5-7B_FewShot,field,Lauren_type,categorical,476,,,,,0.0,0.0651,0.0651,445.0,0.0,,,,,,,,0.9573,0.4624,0.918,,,,,,,,,,
Qwen2.5-7B_FewShot,field,Differentiation,array,476,0.5441,0.563,0.6226,0.5913,0.437,0.0441,0.0506,,,,,,,,,,,,,,,,,,,,,,
Qwen2.5-7B_FewShot,field,ProximalMargin,numeric,476,,,,,0.0,0.0651,0.0654,443.0,2.0,0.1018,0.749,0.9729,0.9752,0.9774,0.9774,0.9797,,,,,,,,,,,,,
Qwen2.5-7B_FewShot,field,DistalMargin,numeric,476,,,,,0.0,0.0756,0.0758,439.0,1.0,0.0544,0.5309,0.9841,0.9863,0.9863,0.9886,0.9909,,,,,,,,,,,,,
Qwen2.5-7B_FewShot,field,LymphovascularInvasion,binary,476,,,,0.9506,0.0,0.1218,0.1221,417.0,1.0,,,,,,,,0.9424,,,0.9416,,,,,,,,,
Qwen2.5-7B_FewShot,field,PerineuralInvasion,binary,476,,,,0.9921,0.0,0.0651,0.0653,444.0,1.0,,,,,,,,0.9955,,,0.9922,,,,,,,,,
Qwen2.5-7B_FewShot,field,T_stage,categorical,476,,,,,0.0,0.0441,0.0444,452.0,3.0,,,,,,,,0.9712,0.8105,0.9617,,,,,,,,,,
Qwen2.5-7B_FewShot,field,N_stage,categorical,476,,,,,0.0042,0.0441,0.0443,453.0,0.0,,,,,,,,0.9956,0.825,0.9909,,,,,,,,,,
Qwen2.5-7B_FewShot,field,M_stage,categorical,476,,,,,0.0021,0.0273,0.0274,462.0,0.0,,,,,,,,0.987,0.8717,0.7438,,,,,,,,,,
Qwen2.5-7B_FewShot,field,Staging,categorical,476,,,,,0.0042,0.0483,0.0488,448.0,3.0,,,,,,,,0.7254,0.3734,0.558,,,,,,,,,,
Qwen2.5-7B_FewShot,field,MetastaticLymphNode,numeric,476,,,,,0.0,0.0525,0.0525,451.0,0.0,0.0133,0.1762,0.9933,,,,,,,,,0.9956,0.9978,1.0,1.0,1.0,,,,
Qwen2.5-7B_FewShot,field,HarvestedLymphNode,numeric,476,,,,,0.0,0.0588,0.0588,448.0,0.0,2.308,8.6435,0.8862,,,,,,,,,0.8951,0.8996,0.8996,0.9062,0.9174,,,,
Qwen2.5-7B_FewShot,report,ALL,report,476,,,,,,,,,,,,,,,,,,,,,,,,,,0.187,89.0,84.4407,81.99
Qwen2.5-7B_CoT,field,TumorLocation,array,476,0.4727,0.8719,0.4851,0.6234,0.1281,0.4538,0.4538,,,,,,,,,,,,,,,,,,,,,,
Qwen2.5-7B_CoT,field,TumorCircumference,array,476,0.4517,0.928,0.4377,0.5949,0.072,0.5105,0.5203,,,,,,,,,,,,,,,,,,,,,,
Qwen2.5-7B_CoT,field,TumorSize,numeric,476,,,,,0.0,0.4265,0.4292,270.0,3.0,0.6468,2.6135,0.8259,0.9111,0.9333,0.9407,0.9407,,,,,,,,,,,,,
Qwen2.5-7B_CoT,field,Histologic_type,array,476,0.2563,0.4628,0.293,0.3588,0.5372,0.4181,0.4181,,,,,,,,,,,,,,,,,,,,,,
Qwen2.5-7B_CoT,field,Lauren_type,categorical,476,,,,,0.0,0.4307,0.4307,271.0,0.0,,,,,,,,0.9705,0.4775,0.9317,,,,,,,,,,
Qwen2.5-7B_CoT,field,Differentiation,array,476,0.4223,0.633,0.4519,0.5273,0.367,0.3592,0.412,,,,,,,,,,,,,,,,,,,,,,
Qwen2.5-7B_CoT,field,ProximalMargin,numeric,476,,,,,0.0,0.4412,0.443,264.0,2.0,0.0591,0.5243,0.9773,0.9848,0.9848,0.9848,0.9886,,,,,,,,,,,,,
Qwen2.5-7B_CoT,field,DistalMargin,numeric,476,,,,,0.0,0.4412,0.4421,265.0,1.0,0.1072,0.7356,0.9698,0.9736,0.9736,0.9774,0.9811,,,,,,,,,,,,,
Qwen2.5-7B_CoT,field,LymphovascularInvasion,binary,476,,,,0.8978,0.0021,0.4055,0.4063,282.0,0.0,,,,,,,,0.883,,,0.8908,,,,,,,,,
Qwen2.5-7B_CoT,field,PerineuralInvasion,binary,476,,,,0.9809,0.0021,0.4286,0.4295,271.0,0.0,,,,,,,,0.9889,,,0.9812,,,,,,,,,
Qwen2.5-7B_CoT,field,T_stage,categorical,476,,,,,0.0,0.416,0.4186,275.0,3.0,,,,,,,,0.9855,0.9908,0.9803,,,,,,,,,,
Qwen2.5-7B_CoT,field,N_stage,categorical,476,,,,,0.0021,0.4223,0.4241,273.0,1.0,,,,,,,,1.0,1.0,1.0,,,,,,,,,,
Qwen2.5-7B_CoT,field,M_stage,categorical,476,,,,,0.0,0.3866,0.3874,291.0,1.0,,,,,,,,0.9828,0.8033,0.6079,,,,,,,,,,
Qwen2.5-7B_CoT,field,Staging,categorical,476,,,,,0.0021,0.4097,0.414,276.0,4.0,,,,,,,,0.6449,0.157,0.4629,,,,,,,,,,
Qwen2.5-7B_CoT,field,MetastaticLymphNode,numeric,476,,,,,0.0,0.4328,0.4328,270.0,0.0,0.037,0.5018,0.9926,,,,,,,,,0.9926,0.9963,0.9963,0.9963,0.9963,,,,
Qwen2.5-7B_CoT,field,HarvestedLymphNode,numeric,476,,,,,0.0,0.437,0.437,268.0,0.0,3.4067,10.8482,0.8209,,,,,,,,,0.8433,0.8657,0.8657,0.8694,0.8843,,,,
Qwen2.5-7B_CoT,report,ALL,report,476,,,,,,,,,,,,,,,,,,,,,,,,,,0.0546,26.0,50.2889,75.8719
Med42-8B_ZeroShot,field,TumorLocation,array,476,0.1555,0.3206,0.4317,0.3679,0.6794,0.0651,0.0651,,,,,,,,,,,,,,,,,,,,,,
Med42-8B_ZeroShot,field,TumorCircumference,array,476,0.4286,0.7828,0.4283,0.5537,0.2172,0.4391,0.4475,,,,,,,,,,,,,,,,,,,,,,
Med42-8B_ZeroShot,field,TumorSize,numeric,476,,,,,0.0,0.1092,0.1099,421.0,3.0,0.4138,2.2792,0.9525,0.9572,0.962,0.9644,0.9644,,,,,,,,,,,,,
Med42-8B_ZeroShot,field,Histologic_type,array,476,0.271,0.2775,0.3053,0.2907,0.7225,0.0609,0.0609,,,,,,,,,,,,,,,,,,,,,,
Med42-8B_ZeroShot,field,Lauren_type,categorical,476,,,,,0.0,0.0693,0.0693,443.0,0.0,,,,,,,,0.8081,0.2726,0.6844,,,,,,,,,,
Med42-8B_ZeroShot,field,Differentiation,array,476,0.3529,0.3587,0.3966,0.3767,0.6413,0.0483,0.0554,,,,,,,,,,,,,,,,,,,,,,
Med42-8B_ZeroShot,field,ProximalMargin,numeric,476,,,,,0.0,0.0504,0.0506,450.0,2.0,2.2053,30.4058,0.9467,0.9511,0.9533,0.9533,0.96,,,,,,,,,,,,,
Med42-8B_ZeroShot,field,DistalMargin,numeric,476,,,,,0.0,0.0714,0.0716,441.0,1.0,1.9109,37.8669,0.966,0.9705,0.9751,0.9751,0.9841,,,,,,,,,,,,,
Med42-8B_ZeroShot,field,LymphovascularInvasion,binary,476,,,,0.9465,0.0,0.1324,0.1326,412.0,1.0,,,,,,,,0.9393,,,0.9398,,,,,,,,,
Med42-8B_ZeroShot,field,PerineuralInvasion,binary,476,,,,0.9764,0.0,0.0462,0.0463,453.0,1.0,,,,,,,,0.9868,,,0.9769,,,,,,,,,
Med42-8B_ZeroShot,field,T_stage,categorical,476,,,,,0.0021,0.0273,0.0275,460.0,2.0,,,,,,,,0.9435,0.3495,0.9255,,,,,,,,,,
Med42-8B_ZeroShot,field,N_stage,categorical,476,,,,,0.0042,0.0231,0.0232,463.0,0.0,,,,,,,,0.9806,0.6945,0.9596,,,,,,,,,,
Med42-8B_ZeroShot,field,M_stage,categorical,476,,,,,0.0021,0.021,0.0211,465.0,0.0,,,,,,,,0.9806,0.4275,0.6577,,,,,,,,,,
Med42-8B_ZeroShot,field,Staging,categorical,476,,,,,0.0084,0.0273,0.0276,458.0,1.0,,,,,,,,0.6747,0.1564,0.4886,,,,,,,,,,
Med42-8B_ZeroShot,field,MetastaticLymphNode,numeric,476,,,,,0.0,0.021,0.021,466.0,0.0,0.1588,1.6101,0.9764,,,,,,,,,0.9764,0.9828,0.9914,0.9936,0.9936,,,,
Med42-8B_ZeroShot,field,HarvestedLymphNode,numeric,476,,,,,0.0,0.0588,0.0588,448.0,0.0,0.3237,2.9357,0.9777,,,,,,,,,0.9799,0.9821,0.9821,0.9844,0.9888,,,,
Med42-8B_ZeroShot,report,ALL,report,476,,,,,,,,,,,,,,,,,,,,,,,,,,0.0105,5.0,73.3325,64.0606
Med42-8B_FewShot,field,TumorLocation,array,476,0.5567,0.65,0.5663,0.6053,0.35,0.1492,0.1492,,,,,,,,,,,,,,,,,,,,,,
Med42-8B_FewShot,field,TumorCircumference,array,476,0.708,0.8993,0.6906,0.7812,0.1007,0.2038,0.2077,,,,,,,,,,,,,,,,,,,,,,
Med42-8B_FewShot,field,TumorSize,numeric,476,,,,,0.0,0.1744,0.1755,390.0,3.0,0.4192,2.3232,0.959,0.959,0.9615,0.9641,0.9641,,,,,,,,,,,,,
Med42-8B_FewShot,field,Histologic_type,array,476,0.5042,0.5506,0.5348,0.5426,0.4494,0.1429,0.1429,,,,,,,,,,,,,,,,,,,,,,
Med42-8B_FewShot,field,Lauren_type,categorical,476,,,,,0.0,0.1534,0.1534,403.0,0.0,,,,,,,,0.9826,0.4239,0.9658,,,,,,,,,,
Med42-8B_FewShot,field,Differentiation,array,476,0.4664,0.5121,0.5072,0.5097,0.4879,0.1197,0.1373,,,,,,,,,,,,,,,,,,,,,,
Med42-8B_FewShot,field,ProximalMargin,numeric,476,,,,,0.0,0.187,0.1878,385.0,2.0,0.0691,0.5676,0.9792,0.9818,0.9818,0.9818,0.987,,,,,,,,,,,,,
Med42-8B_FewShot,field,DistalMargin,numeric,476,,,,,0.0,0.1933,0.1937,383.0,1.0,0.0279,0.2923,0.9869,0.9896,0.9896,0.9896,0.9974,,,,,,,,,,,,,
Med42-8B_FewShot,field,LymphovascularInvasion,binary,476,,,,0.94,0.0,0.2311,0.2316,365.0,1.0,,,,,,,,0.9315,,,0.9329,,,,,,,,,
Med42-8B_FewShot,field,PerineuralInvasion,binary,476,,,,0.9774,0.0,0.1639,0.1642,397.0,1.0,,,,,,,,0.9874,,,0.9779,,,,,,,,,
Med42-8B_FewShot,field,T_stage,categorical,476,,,,,0.0021,0.1387,0.1395,407.0,2.0,,,,,,,,0.9459,0.3507,0.9285,,,,,,,,,,
Med42-8B_FewShot,field,N_stage,categorical,476,,,,,0.0042,0.1345,0.135,410.0,0.0,,,,,,,,0.9805,0.6075,0.9606,,,,,,,,,,
Med42-8B_FewShot,field,M_stage,categorical,476,,,,,0.0021,0.1239,0.1242,416.0,0.0,,,,,,,,0.9712,0.5426,0.5862,,,,,,,,,,
Med42-8B_FewShot,field,Staging,categorical,476,,,,,0.0063,0.1092,0.1104,419.0,2.0,,,,,,,,0.6563,0.1775,0.4858,,,,,,,,,,
Med42-8B_FewShot,field,MetastaticLymphNode,numeric,476,,,,,0.0,0.145,0.145,407.0,0.0,0.1278,1.5924,0.9828,,,,,,,,,0.9853,0.9877,0.9951,0.9951,0.9951,,,,
Med42-8B_FewShot,field,HarvestedLymphNode,numeric,476,,,,,0.0,0.1597,0.1597,400.0,0.0,0.685,4.7138,0.965,,,,,,,,,0.9675,0.97,0.97,0.975,0.98,,,,
Med42-8B_FewShot,report,ALL,report,476,,,,,,,,,,,,,,,,,,,,,,,,,,0.1218,58.0,73.3981,70.9006
Med42-8B_CoT,field,TumorLocation,array,476,0.1261,0.2873,0.3505,0.3158,0.7127,0.1639,0.1639,,,,,,,,,,,,,,,,,,,,,,
Med42-8B_CoT,field,TumorCircumference,array,476,0.3887,0.786,0.3811,0.5133,0.214,0.4958,0.5054,,,,,,,,,,,,,,,,,,,,,,
Med42-8B_CoT,field,TumorSize,numeric,476,,,,,0.0,0.208,0.2093,374.0,3.0,0.4698,2.4185,0.9385,0.9519,0.9572,0.9599,0.9599,,,,,,,,,,,,,
Med42-8B_CoT,field,Histologic_type,array,476,0.1828,0.2146,0.2111,0.2128,0.7854,0.1597,0.1597,,,,,,,,,,,,,,,,,,,,,,
Med42-8B_CoT,field,Lauren_type,categorical,476,,,,,0.0,0.166,0.166,397.0,0.0,,,,,,,,0.8967,0.2842,0.8113,,,,,,,,,,
Med42-8B_CoT,field,Differentiation,array,476,0.2857,0.2976,0.2933,0.2954,0.7024,0.1282,0.147,,,,,,,,,,,,,,,,,,,,,,
Med42-8B_CoT,field,ProximalMargin,numeric,476,,,,,0.0,0.1618,0.1624,397.0,2.0,2.3766,32.3596,0.9673,0.9723,0.9723,0.9723,0.9748,,,,,,,,,,,,,
Med42-8B_CoT,field,DistalMargin,numeric,476,,,,,0.0,0.1702,0.1705,394.0,1.0,2.0975,40.0562,0.9721,0.9746,0.9746,0.9772,0.9848,,,,,,,,,,,,,
Med42-8B_CoT,field,LymphovascularInvasion,binary,476,,,,0.8904,0.0,0.1681,0.1684,395.0,1.0,,,,,,,,0.8785,,,0.8876,,,,,,,,,
Med42-8B_CoT,field,PerineuralInvasion,binary,476,,,,0.9863,0.0,0.1576,0.1579,400.0,1.0,,,,,,,,0.9925,,,0.9892,,,,,,,,,
Med42-8B_CoT,field,T_stage,categorical,476,,,,,0.0,0.1408,0.1416,406.0,3.0,,,,,,,,0.9483,0.3347,0.9313,,,,,,,,,,
Med42-8B_CoT,field,N_stage,categorical,476,,,,,0.0021,0.1345,0.135,410.0,1.0,,,,,,,,0.9878,0.7015,0.9745,,,,,,,,,,
Med42-8B_CoT,field,M_stage,categorical,476,,,,,0.0021,0.1345,0.1347,411.0,0.0,,,,,,,,0.9951,0.9488,0.8975,,,,,,,,,,
Med42-8B_CoT,field,Staging,categorical,476,,,,,0.0063,0.1345,0.1359,407.0,2.0,,,,,,,,0.6781,0.1183,0.4932,,,,,,,,,,
Med42-8B_CoT,field,MetastaticLymphNode,numeric,476,,,,,0.0,0.1387,0.1387,410.0,0.0,0.0415,0.4606,0.9878,,,,,,,,,0.9902,0.9927,0.9976,0.9976,0.9976,,,,
Med42-8B_CoT,field,HarvestedLymphNode,numeric,476,,,,,0.0,0.1597,0.1597,400.0,0.0,0.13,1.3342,0.9825,,,,,,,,,0.985,0.985,0.985,0.99,0.995,,,,
Med42-8B_CoT,report,ALL,report,476,,,,,,,,,,,,,,,,,,,,,,,,,,0.0042,2.0,65.428,65.4719
MedGemma-4B_ZeroShot,field,TumorLocation,array,476,0.1408,0.2769,0.3208,0.2972,0.7231,0.0168,0.0168,,,,,,,,,,,,,,,,,,,,,,
MedGemma-4B_ZeroShot,field,TumorCircumference,array,476,0.7248,0.683,0.8698,0.7651,0.317,0.0189,0.0193,,,,,,,,,,,,,,,,,,,,,,
MedGemma-4B_ZeroShot,field,TumorSize,numeric,476,,,,,0.0,0.0609,0.0613,444.0,3.0,0.441,2.2267,0.9302,0.9347,0.9437,0.9527,0.9595,,,,,,,,,,,,,
MedGemma-4B_ZeroShot,field,Histologic_type,array,476,0.1618,0.1627,0.1967,0.1781,0.8373,0.0399,0.0399,,,,,,,,,,,,,,,,,,,,,,
MedGemma-4B_ZeroShot,field,Lauren_type,categorical,476,,,,,0.0,0.0672,0.0672,444.0,0.0,,,,,,,,0.8514,0.3678,0.7527,,,,,,,,,,
MedGemma-4B_ZeroShot,field,Differentiation,array,476,0.4727,0.502,0.6106,0.551,0.498,0.042,0.0482,,,,,,,,,,,,,,,,,,,,,,
MedGemma-4B_ZeroShot,field,ProximalMargin,numeric,476,,,,,0.0021,0.084,0.0844,434.0,1.0,0.0516,0.4917,0.9839,0.9885,0.9885,0.9885,0.9885,,,,,,,,,,,,,
MedGemma-4B_ZeroShot,field,DistalMargin,numeric,476,,,,,0.0,0.0903,0.0905,432.0,1.0,0.0178,0.1896,0.9884,0.9907,0.9931,0.9954,0.9977,,,,,,,,,,,,,
MedGemma-4B_ZeroShot,field,LymphovascularInvasion,binary,476,,,,0.883,0.0021,0.0252,0.0253,463.0,0.0,,,,,,,,0.8661,,,0.8796,,,,,,,,,
MedGemma-4B_ZeroShot,field,PerineuralInvasion,binary,476,,,,0.9655,0.0021,0.0294,0.0295,461.0,0.0,,,,,,,,0.9805,,,0.9706,,,,,,,,,
MedGemma-4B_ZeroShot,field,T_stage,categorical,476,,,,,0.0042,0.0546,0.055,447.0,1.0,,,,,,,,0.9709,0.8062,0.9612,,,,,,,,,,
MedGemma-4B_ZeroShot,field,N_stage,categorical,476,,,,,0.0042,0.0504,0.0506,450.0,0.0,,,,,,,,0.9956,0.825,0.9908,,,,,,,,,,
MedGemma-4B_ZeroShot,field,M_stage,categorical,476,,,,,0.0021,0.0168,0.0168,467.0,0.0,,,,,,,,0.9486,0.7008,0.4033,,,,,,,,,,
MedGemma-4B_ZeroShot,field,Staging,categorical,476,,,,,0.0084,0.0546,0.0552,445.0,1.0,,,,,,,,0.6404,0.2233,0.4404,,,,,,,,,,
MedGemma-4B_ZeroShot,field,MetastaticLymphNode,numeric,476,,,,,0.0,0.0609,0.0609,447.0,0.0,0.0537,0.7297,0.9911,,,,,,,,,0.9933,0.9955,0.9955,0.9955,0.9955,,,,
MedGemma-4B_ZeroShot,field,HarvestedLymphNode,numeric,476,,,,,0.0,0.0609,0.0609,447.0,0.0,2.6577,9.1451,0.8949,,,,,,,,,0.8971,0.8971,0.8971,0.9038,0.9083,,,,
MedGemma-4B_ZeroShot,report,ALL,report,476,,,,,,,,,,,,,,,,,,,,,,,,,,0.0,0.0,74.5667,71.0456
MedGemma-4B_FewShot,field,TumorLocation,array,476,0.4853,0.5636,0.7109,0.6287,0.4364,0.0441,0.0441,,,,,,,,,,,,,,,,,,,,,,
MedGemma-4B_FewShot,field,TumorCircumference,array,476,0.7416,0.781,0.8075,0.7941,0.219,0.1197,0.1221,,,,,,,,,,,,,,,,,,,,,,
MedGemma-4B_FewShot,field,TumorSize,numeric,476,,,,,0.0,0.0945,0.0951,428.0,3.0,0.4161,2.2489,0.9533,0.9533,0.9556,0.9603,0.9626,,,,,,,,,,,,,
MedGemma-4B_FewShot,field,Histologic_type,array,476,0.3803,0.3936,0.4016,0.3976,0.6064,0.0504,0.0504,,,,,,,,,,,,,,,,,,,,,,
MedGemma-4B_FewShot,field,Lauren_type,categorical,476,,,,,0.0,0.0756,0.0756,440.0,0.0,,,,,,,,0.9682,0.3614,0.9394,,,,,,,,,,
MedGemma-4B_FewShot,field,Differentiation,array,476,0.5231,0.5415,0.5962,0.5675,0.4585,0.0525,0.0602,,,,,,,,,,,,,,,,,,,,,,
MedGemma-4B_FewShot,field,ProximalMargin,numeric,476,,,,,0.0,0.0882,0.0886,432.0,2.0,2.1662,31.0201,0.9769,0.9792,0.9792,0.9792,0.9838,,,,,,,,,,,,,
MedGemma-4B_FewShot,field,DistalMargin,numeric,476,,,,,0.0,0.0924,0.0926,431.0,1.0,0.0494,0.3808,0.9791,0.9814,0.9814,0.9838,0.9907,,,,,,,,,,,,,
MedGemma-4B_FewShot,field,LymphovascularInvasion,binary,476,,,,0.94,0.0,0.1155,0.1158,420.0,1.0,,,,,,,,0.931,,,0.9318,,,,,,,,,
MedGemma-4B_FewShot,field,PerineuralInvasion,binary,476,,,,0.9959,0.0,0.0819,0.0821,436.0,1.0,,,,,,,,0.9977,,,0.9959,,,,,,,,,
MedGemma-4B_FewShot,field,T_stage,categorical,476,,,,,0.0021,0.0609,0.0613,444.0,2.0,,,,,,,,0.9662,0.7078,0.9548,,,,,,,,,,
MedGemma-4B_FewShot,field,N_stage,categorical,476,,,,,0.0042,0.0588,0.0591,446.0,0.0,,,,,,,,0.9955,0.8246,0.9904,,,,,,,,,,
MedGemma-4B_FewShot,field,M_stage,categorical,476,,,,,0.0021,0.0588,0.0589,447.0,0.0,,,,,,,,0.9821,0.8704,0.7409,,,,,,,,,,
MedGemma-4B_FewShot,field,Staging,categorical,476,,,,,0.0084,0.0609,0.0616,442.0,1.0,,,,,,,,0.7059,0.2948,0.5215,,,,,,,,,,
MedGemma-4B_FewShot,field,MetastaticLymphNode,numeric,476,,,,,0.0,0.0567,0.0567,449.0,0.0,0.0111,0.1416,0.9933,,,,,,,,,0.9955,1.0,1.0,1.0,1.0,,,,
MedGemma-4B_FewShot,field,HarvestedLymphNode,numeric,476,,,,,0.0,0.0567,0.0567,449.0,0.0,3.9733,11.4306,0.8486,,,,,,,,,0.8552,0.8575,0.8575,0.8619,0.8641,,,,
MedGemma-4B_FewShot,report,ALL,report,476,,,,,,,,,,,,,,,,,,,,,,,,,,0.063,30.0,78.6108,75.9356
MedGemma-4B_CoT,field,TumorLocation,array,476,0.1555,0.2639,0.2911,0.2768,0.7361,0.0273,0.0273,,,,,,,,,,,,,,,,,,,,,,
MedGemma-4B_CoT,field,TumorCircumference,array,476,0.5693,0.5362,0.8245,0.6498,0.4638,0.042,0.0428,,,,,,,,,,,,,,,,,,,,,,
MedGemma-4B_CoT,field,TumorSize,numeric,476,,,,,0.0,0.0756,0.0761,437.0,3.0,0.414,2.2067,0.9382,0.9405,0.9519,0.9588,0.9634,,,,,,,,,,,,,
MedGemma-4B_CoT,field,Histologic_type,array,476,0.1723,0.1798,0.2295,0.2016,0.8202,0.0483,0.0483,,,,,,,,,,,,,,,,,,,,,,
MedGemma-4B_CoT,field,Lauren_type,categorical,476,,,,,0.0,0.0672,0.0672,444.0,0.0,,,,,,,,0.7568,0.3028,0.6223,,,,,,,,,,
MedGemma-4B_CoT,field,Differentiation,array,476,0.4349,0.4628,0.5385,0.4978,0.5372,0.0441,0.0506,,,,,,,,,,,,,,,,,,,,,,
MedGemma-4B_CoT,field,ProximalMargin,numeric,476,,,,,0.0021,0.0903,0.0907,431.0,1.0,7.0084,144.4865,0.9838,0.9861,0.9861,0.9861,0.9884,,,,,,,,,,,,,
MedGemma-4B_CoT,field,DistalMargin,numeric,476,,,,,0.0,0.0966,0.0968,429.0,1.0,0.0415,0.4055,0.9883,0.9883,0.9883,0.9907,0.9907,,,,,,,,,,,,,
MedGemma-4B_CoT,field,LymphovascularInvasion,binary,476,,,,0.9063,0.0,0.0525,0.0526,450.0,1.0,,,,,,,,0.8911,,,0.9018,,,,,,,,,
MedGemma-4B_CoT,field,PerineuralInvasion,binary,476,,,,0.9766,0.0,0.042,0.0421,455.0,1.0,,,,,,,,0.9868,,,0.9771,,,,,,,,,
MedGemma-4B_CoT,field,T_stage,categorical,476,,,,,0.0042,0.0588,0.0592,445.0,1.0,,,,,,,,0.9618,0.7042,0.9492,,,,,,,,,,
MedGemma-4B_CoT,field,N_stage,categorical,476,,,,,0.0042,0.0567,0.057,447.0,0.0,,,,,,,,0.9933,0.8231,0.986,,,,,,,,,,
MedGemma-4B_CoT,field,M_stage,categorical,476,,,,,0.0021,0.0273,0.0274,462.0,0.0,,,,,,,,0.9351,0.6704,0.3458,,,,,,,,,,
MedGemma-4B_CoT,field,Staging,categorical,476,,,,,0.0105,0.0588,0.0594,443.0,0.0,,,,,,,,0.6275,0.115,0.4229,,,,,,,,,,
MedGemma-4B_CoT,field,MetastaticLymphNode,numeric,476,,,,,0.0,0.0651,0.0651,445.0,0.0,0.0247,0.3938,0.9933,,,,,,,,,0.9955,0.9978,0.9978,0.9978,0.9978,,,,
MedGemma-4B_CoT,field,HarvestedLymphNode,numeric,476,,,,,0.0,0.0651,0.0651,445.0,0.0,2.6539,9.0005,0.8966,,,,,,,,,0.8989,0.8989,0.8989,0.9011,0.9056,,,,
MedGemma-4B_CoT,report,ALL,report,476,,,,,,,,,,,,,,,,,,,,,,,,,,0.0,0.0,72.3871,68.3356
Llama3.1-8B_ZeroShot_KSP,field,TumorLocation,array,476,0.416,0.5146,0.7347,0.6052,0.4854,0.0336,0.0336,,,,,,,,,,,,,,,,,,,,,,
Llama3.1-8B_ZeroShot_KSP,field,TumorCircumference,array,476,0.5504,0.633,0.7094,0.669,0.367,0.2248,0.2291,,,,,,,,,,,,,,,,,,,,,,
Llama3.1-8B_ZeroShot_KSP,field,TumorSize,numeric,476,,,,,0.0,0.0567,0.0571,446.0,3.0,0.4034,2.2295,0.9529,0.9552,0.9596,0.9641,0.9641,,,,,,,,,,,,,
Llama3.1-8B_ZeroShot_KSP,field,Histologic_type,array,476,0.3319,0.4317,0.5635,0.4889,0.5683,0.0336,0.0336,,,,,,,,,,,,,,,,,,,,,,
Llama3.1-8B_ZeroShot_KSP,field,Lauren_type,categorical,476,,,,,0.0,0.0588,0.0588,448.0,0.0,,,,,,,,0.9866,0.7409,0.9741,,,,,,,,,,
Llama3.1-8B_ZeroShot_KSP,field,Differentiation,array,476,0.5147,0.5472,0.6971,0.6131,0.4528,0.0273,0.0313,,,,,,,,,,,,,,,,,,,,,,
Llama3.1-8B_ZeroShot_KSP,field,ProximalMargin,numeric,476,,,,,0.0,0.0336,0.0338,458.0,2.0,2.1546,30.1367,0.9498,0.9541,0.9563,0.9563,0.9607,,,,,,,,,,,,,
Llama3.1-8B_ZeroShot_KSP,field,DistalMargin,numeric,476,,,,,0.0,0.0546,0.0547,449.0,1.0,1.8523,37.5232,0.9688,0.9733,0.9755,0.9777,0.9844,,,,,,,,,,,,,
Llama3.1-8B_ZeroShot_KSP,field,LymphovascularInvasion,binary,476,,,,0.8809,0.0,0.0231,0.0232,464.0,1.0,,,,,,,,0.8642,,,0.878,,,,,,,,,
Llama3.1-8B_ZeroShot_KSP,field,PerineuralInvasion,binary,476,,,,0.9883,0.0,0.0357,0.0358,458.0,1.0,,,,,,,,0.9934,,,0.9885,,,,,,,,,
Llama3.1-8B_ZeroShot_KSP,field,T_stage,categorical,476,,,,,0.0063,0.0336,0.0338,457.0,0.0,,,,,,,,0.9759,0.7114,0.968,,,,,,,,,,
Llama3.1-8B_ZeroShot_KSP,field,N_stage,categorical,476,,,,,0.0042,0.0294,0.0295,460.0,0.0,,,,,,,,0.9957,0.825,0.9909,,,,,,,,,,
Llama3.1-8B_ZeroShot_KSP,field,M_stage,categorical,476,,,,,0.0021,0.0252,0.0253,463.0,0.0,,,,,,,,0.987,0.8717,0.7438,,,,,,,,,,
Llama3.1-8B_ZeroShot_KSP,field,Staging,categorical,476,,,,,0.0105,0.0357,0.0361,454.0,0.0,,,,,,,,0.6828,0.2955,0.4826,,,,,,,,,,
Llama3.1-8B_ZeroShot_KSP,field,MetastaticLymphNode,numeric,476,,,,,0.0,0.0315,0.0315,461.0,0.0,0.0803,1.1681,0.9892,,,,,,,,,0.9892,0.9935,0.9957,0.9957,0.9957,,,,
Llama3.1-8B_ZeroShot_KSP,field,HarvestedLymphNode,numeric,476,,,,,0.0,0.0546,0.0546,450.0,0.0,0.1,1.1709,0.9822,,,,,,,,,0.9867,0.9889,0.9889,0.9933,0.9978,,,,
Llama3.1-8B_ZeroShot_KSP,report,ALL,report,476,,,,,,,,,,,,,,,,,,,,,,,,,,0.0231,11.0,79.3199,78.4412
Llama3.1-8B_FewShot_KSP,field,TumorLocation,array,476,0.8487,0.9134,0.8772,0.8949,0.0866,0.063,0.063,,,,,,,,,,,,,,,,,,,,,,
Llama3.1-8B_FewShot_KSP,field,TumorCircumference,array,476,0.7815,0.9421,0.7679,0.8462,0.0579,0.1744,0.1777,,,,,,,,,,,,,,,,,,,,,,
Llama3.1-8B_FewShot_KSP,field,TumorSize,numeric,476,,,,,0.0,0.0693,0.0698,440.0,3.0,0.3695,2.0585,0.9568,0.9568,0.9591,0.9614,0.9659,,,,,,,,,,,,,
Llama3.1-8B_FewShot_KSP,field,Histologic_type,array,476,0.6429,0.6824,0.7398,0.7099,0.3176,0.0567,0.0567,,,,,,,,,,,,,,,,,,,,,,
Llama3.1-8B_FewShot_KSP,field,Lauren_type,categorical,476,,,,,0.0,0.0714,0.0714,442.0,0.0,,,,,,,,0.9932,0.8727,0.9868,,,,,,,,,,
Llama3.1-8B_FewShot_KSP,field,Differentiation,array,476,0.6597,0.6904,0.7933,0.7383,0.3096,0.0483,0.0554,,,,,,,,,,,,,,,,,,,,,,
Llama3.1-8B_FewShot_KSP,field,ProximalMargin,numeric,476,,,,,0.0,0.0798,0.0802,436.0,2.0,0.0151,0.2158,0.9931,0.9954,0.9954,0.9954,0.9954,,,,,,,,,,,,,
Llama3.1-8B_FewShot_KSP,field,DistalMargin,numeric,476,,,,,0.0,0.0672,0.0674,443.0,1.0,0.0589,0.5133,0.9774,0.9819,0.9819,0.9842,0.991,,,,,,,,,,,,,
Llama3.1-8B_FewShot_KSP,field,LymphovascularInvasion,binary,476,,,,0.9002,0.0,0.0609,0.0611,446.0,1.0,,,,,,,,0.8857,,,0.8947,,,,,,,,,
Llama3.1-8B_FewShot_KSP,field,PerineuralInvasion,binary,476,,,,0.9961,0.0,0.0588,0.0589,447.0,1.0,,,,,,,,0.9978,,,0.9961,,,,,,,,,
Llama3.1-8B_FewShot_KSP,field,T_stage,categorical,476,,,,,0.0,0.0504,0.0507,449.0,3.0,,,,,,,,0.9844,0.8163,0.9792,,,,,,,,,,
Llama3.1-8B_FewShot_KSP,field,N_stage,categorical,476,,,,,0.0042,0.0441,0.0443,453.0,0.0,,,,,,,,0.9956,0.825,0.9909,,,,,,,,,,
Llama3.1-8B_FewShot_KSP,field,M_stage,categorical,476,,,,,0.0021,0.042,0.0421,455.0,0.0,,,,,,,,0.9868,0.8716,0.7437,,,,,,,,,,
Llama3.1-8B_FewShot_KSP,field,Staging,categorical,476,,,,,0.0042,0.063,0.0637,441.0,3.0,,,,,,,,0.6735,0.2974,0.4956,,,,,,,,,,
Llama3.1-8B_FewShot_KSP,field,MetastaticLymphNode,numeric,476,,,,,0.0,0.0441,0.0441,455.0,0.0,0.033,0.3477,0.9868,,,,,,,,,0.9912,0.9956,0.9978,0.9978,0.9978,,,,
Llama3.1-8B_FewShot_KSP,field,HarvestedLymphNode,numeric,476,,,,,0.0,0.0567,0.0567,449.0,0.0,0.1737,2.1336,0.9844,,,,,,,,,0.9866,0.9889,0.9889,0.9911,0.9955,,,,
Llama3.1-8B_FewShot_KSP,report,ALL,report,476,,,,,,,,,,,,,,,,,,,,,,,,,,0.2185,104.0,85.5305,85.5175
Llama3.1-8B_CoT_KSP,field,TumorLocation,array,476,0.3613,0.5892,0.5822,0.5857,0.4108,0.2416,0.2416,,,,,,,,,,,,,,,,,,,,,,
Llama3.1-8B_CoT_KSP,field,TumorCircumference,array,476,0.5105,0.7156,0.5981,0.6516,0.2844,0.3592,0.3662,,,,,,,,,,,,,,,,,,,,,,
Llama3.1-8B_CoT_KSP,field,TumorSize,numeric,476,,,,,0.0,0.2626,0.2643,348.0,3.0,0.4842,2.4758,0.9511,0.9511,0.9569,0.9569,0.9569,,,,,,,,,,,,,
Llama3.1-8B_CoT_KSP,field,Histologic_type,array,476,0.3508,0.5,0.4754,0.4874,0.5,0.2458,0.2458,,,,,,,,,,,,,,,,,,,,,,
Llama3.1-8B_CoT_KSP,field,Lauren_type,categorical,476,,,,,0.0,0.2479,0.2479,358.0,0.0,,,,,,,,0.9637,0.7254,0.9357,,,,,,,,,,
Llama3.1-8B_CoT_KSP,field,Differentiation,array,476,0.3992,0.5051,0.4808,0.4926,0.4949,0.2164,0.2482,,,,,,,,,,,,,,,,,,,,,,
Llama3.1-8B_CoT_KSP,field,ProximalMargin,numeric,476,,,,,0.0,0.25,0.2511,355.0,2.0,1.3051,22.213,0.9549,0.9634,0.9634,0.9634,0.969,,,,,,,,,,,,,
Llama3.1-8B_CoT_KSP,field,DistalMargin,numeric,476,,,,,0.0,0.2584,0.2589,352.0,1.0,2.3568,42.3797,0.9659,0.9744,0.9744,0.9773,0.9801,,,,,,,,,,,,,
Llama3.1-8B_CoT_KSP,field,LymphovascularInvasion,binary,476,,,,0.8747,0.0021,0.2269,0.2274,367.0,0.0,,,,,,,,0.861,,,0.8739,,,,,,,,,
Llama3.1-8B_CoT_KSP,field,PerineuralInvasion,binary,476,,,,0.9706,0.0021,0.2332,0.2337,364.0,0.0,,,,,,,,0.9835,,,0.9714,,,,,,,,,
Llama3.1-8B_CoT_KSP,field,T_stage,categorical,476,,,,,0.0042,0.2269,0.2283,365.0,1.0,,,,,,,,0.9479,0.5508,0.9303,,,,,,,,,,
Llama3.1-8B_CoT_KSP,field,N_stage,categorical,476,,,,,0.0042,0.2332,0.2342,363.0,0.0,,,,,,,,0.9835,0.6915,0.9657,,,,,,,,,,
Llama3.1-8B_CoT_KSP,field,M_stage,categorical,476,,,,,0.0,0.2227,0.2232,369.0,1.0,,,,,,,,0.9837,0.8594,0.7195,,,,,,,,,,
Llama3.1-8B_CoT_KSP,field,Staging,categorical,476,,,,,0.0084,0.2332,0.2357,360.0,1.0,,,,,,,,0.6306,0.1847,0.4119,,,,,,,,,,
Llama3.1-8B_CoT_KSP,field,MetastaticLymphNode,numeric,476,,,,,0.0,0.2563,0.2563,354.0,0.0,0.0819,0.9343,0.9887,,,,,,,,,0.9887,0.9915,0.9944,0.9944,0.9944,,,,
Llama3.1-8B_CoT_KSP,field,HarvestedLymphNode,numeric,476,,,,,0.0,0.3193,0.3193,324.0,0.0,0.1636,1.5743,0.9815,,,,,,,,,0.9846,0.9846,0.9846,0.9877,0.9907,,,,
Llama3.1-8B_CoT_KSP,report,ALL,report,476,,,,,,,,,,,,,,,,,,,,,,,,,,0.0336,16.0,62.7363,74.6038
Gemma3-12B_ZeroShot_KSP,field,TumorLocation,array,476,0.6933,0.776,0.9465,0.8528,0.224,0.0294,0.0294,,,,,,,,,,,,,,,,,,,,,,
Gemma3-12B_ZeroShot_KSP,field,TumorCircumference,array,476,0.7857,0.8694,0.8038,0.8353,0.1306,0.1239,0.1263,,,,,,,,,,,,,,,,,,,,,,
Gemma3-12B_ZeroShot_KSP,field,TumorSize,numeric,476,,,,,0.0,0.0567,0.0571,446.0,3.0,0.4433,1.9915,0.8655,0.9081,0.9238,0.9439,0.9507,,,,,,,,,,,,,
Gemma3-12B_ZeroShot_KSP,field,Histologic_type,array,476,0.6891,0.6817,0.8996,0.7756,0.3183,0.0525,0.0525,,,,,,,,,,,,,,,,,,,,,,
Gemma3-12B_ZeroShot_KSP,field,Lauren_type,categorical,476,,,,,0.0,0.0693,0.0693,443.0,0.0,,,,,,,,0.9932,0.7487,0.9868,,,,,,,,,,
Gemma3-12B_ZeroShot_KSP,field,Differentiation,array,476,0.5105,0.5274,0.7163,0.6075,0.4726,0.0441,0.0506,,,,,,,,,,,,,,,,,,,,,,
Gemma3-12B_ZeroShot_KSP,field,ProximalMargin,numeric,476,,,,,0.0,0.0735,0.0738,439.0,2.0,0.0239,0.2844,0.9909,0.9932,0.9932,0.9932,0.9932,,,,,,,,,,,,,
Gemma3-12B_ZeroShot_KSP,field,DistalMargin,numeric,476,,,,,0.0,0.0525,0.0526,450.0,1.0,0.104,0.6551,0.9644,0.9689,0.9689,0.9711,0.98,,,,,,,,,,,,,
Gemma3-12B_ZeroShot_KSP,field,LymphovascularInvasion,binary,476,,,,0.9036,0.0,0.0399,0.04,456.0,1.0,,,,,,,,0.8882,,,0.8984,,,,,,,,,
Gemma3-12B_ZeroShot_KSP,field,PerineuralInvasion,binary,476,,,,0.9961,0.0,0.063,0.0632,445.0,1.0,,,,,,,,0.9978,,,0.9961,,,,,,,,,
Gemma3-12B_ZeroShot_KSP,field,T_stage,categorical,476,,,,,0.0,0.0399,0.0402,454.0,3.0,,,,,,,,0.9802,0.9466,0.9736,,,,,,,,,,
Gemma3-12B_ZeroShot_KSP,field,N_stage,categorical,476,,,,,0.0042,0.0336,0.0338,458.0,0.0,,,,,,,,0.9956,0.825,0.9909,,,,,,,,,,
Gemma3-12B_ZeroShot_KSP,field,M_stage,categorical,476,,,,,0.0021,0.0021,0.0021,474.0,0.0,,,,,,,,0.9831,0.8418,0.6841,,,,,,,,,,
Gemma3-12B_ZeroShot_KSP,field,Staging,categorical,476,,,,,0.0021,0.5231,0.5287,222.0,4.0,,,,,,,,0.7342,0.2594,0.4131,,,,,,,,,,
Gemma3-12B_ZeroShot_KSP,field,MetastaticLymphNode,numeric,476,,,,,0.0,0.0336,0.0336,460.0,0.0,0.2065,1.8303,0.9804,,,,,,,,,0.9826,0.9848,0.9891,0.9891,0.9891,,,,
Gemma3-12B_ZeroShot_KSP,field,HarvestedLymphNode,numeric,476,,,,,0.0,0.0483,0.0483,453.0,0.0,0.34,2.0737,0.9272,,,,,,,,,0.9448,0.9713,0.9735,0.9823,0.989,,,,
Gemma3-12B_ZeroShot_KSP,report,ALL,report,476,,,,,,,,,,,,,,,,,,,,,,,,,,0.0924,44.0,82.4317,83.8531
Gemma3-12B_FewShot_KSP,field,TumorLocation,array,476,0.8214,0.8953,0.897,0.8961,0.1047,0.0651,0.0651,,,,,,,,,,,,,,,,,,,,,,
Gemma3-12B_FewShot_KSP,field,TumorCircumference,array,476,0.7983,0.9488,0.7698,0.85,0.0512,0.1576,0.1606,,,,,,,,,,,,,,,,,,,,,,
Gemma3-12B_FewShot_KSP,field,TumorSize,numeric,476,,,,,0.0,0.0609,0.0613,444.0,3.0,0.3923,2.2109,0.955,0.955,0.9595,0.9662,0.9662,,,,,,,,,,,,,
Gemma3-12B_FewShot_KSP,field,Histologic_type,array,476,0.7353,0.7554,0.8545,0.8019,0.2446,0.0525,0.0525,,,,,,,,,,,,,,,,,,,,,,
Gemma3-12B_FewShot_KSP,field,Lauren_type,categorical,476,,,,,0.0,0.0651,0.0651,445.0,0.0,,,,,,,,0.991,0.6656,0.9826,,,,,,,,,,
Gemma3-12B_FewShot_KSP,field,Differentiation,array,476,0.5504,0.5885,0.7115,0.6442,0.4115,0.0441,0.0506,,,,,,,,,,,,,,,,,,,,,,
Gemma3-12B_FewShot_KSP,field,ProximalMargin,numeric,476,,,,,0.0,0.0735,0.0738,439.0,2.0,0.031,0.3973,0.9909,0.9932,0.9932,0.9932,0.9932,,,,,,,,,,,,,
Gemma3-12B_FewShot_KSP,field,DistalMargin,numeric,476,,,,,0.0,0.0651,0.0653,444.0,1.0,0.0613,0.5459,0.9797,0.9842,0.9842,0.9865,0.9887,,,,,,,,,,,,,
Gemma3-12B_FewShot_KSP,field,LymphovascularInvasion,binary,476,,,,0.9579,0.0,0.105,0.1053,425.0,1.0,,,,,,,,0.9506,,,0.9494,,,,,,,,,
Gemma3-12B_FewShot_KSP,field,PerineuralInvasion,binary,476,,,,0.9961,0.0,0.0651,0.0653,444.0,1.0,,,,,,,,0.9977,,,0.9961,,,,,,,,,
Gemma3-12B_FewShot_KSP,field,T_stage,categorical,476,,,,,0.0,0.0399,0.0402,454.0,3.0,,,,,,,,0.9824,0.8121,0.9765,,,,,,,,,,
Gemma3-12B_FewShot_KSP,field,N_stage,categorical,476,,,,,0.0042,0.042,0.0422,454.0,0.0,,,,,,,,0.9956,0.825,0.9909,,,,,,,,,,
Gemma3-12B_FewShot_KSP,field,M_stage,categorical,476,,,,,0.0,0.0651,0.0653,444.0,1.0,,,,,,,,0.9797,0.8281,0.6563,,,,,,,,,,
Gemma3-12B_FewShot_KSP,field,Staging,categorical,476,,,,,0.0021,0.3403,0.3439,309.0,4.0,,,,,,,,0.7864,0.274,0.4799,,,,,,,,,,
Gemma3-12B_FewShot_KSP,field,MetastaticLymphNode,numeric,476,,,,,0.0,0.0504,0.0504,452.0,0.0,0.0133,0.1629,0.9934,,,,,,,,,0.9934,1.0,1.0,1.0,1.0,,,,
Gemma3-12B_FewShot_KSP,field,HarvestedLymphNode,numeric,476,,,,,0.0,0.0525,0.0525,451.0,0.0,0.1353,0.9239,0.9512,,,,,,,,,0.9667,0.9889,0.9889,0.9933,0.9978,,,,
Gemma3-12B_FewShot_KSP,report,ALL,report,476,,,,,,,,,,,,,,,,,,,,,,,,,,0.1597,76.0,84.7558,84.1606
Gemma3-12B_CoT_KSP,field,TumorLocation,array,476,0.6723,0.8501,0.7861,0.8169,0.1499,0.1933,0.1933,,,,,,,,,,,,,,,,,,,,,,
Gemma3-12B_CoT_KSP,field,TumorCircumference,array,476,0.6786,0.8958,0.6811,0.7738,0.1042,0.2542,0.2591,,,,,,,,,,,,,,,,,,,,,,
Gemma3-12B_CoT_KSP,field,TumorSize,numeric,476,,,,,0.0,0.2017,0.203,377.0,3.0,0.5597,2.2737,0.8568,0.8939,0.9019,0.9284,0.9363,,,,,,,,,,,,,
Gemma3-12B_CoT_KSP,field,Histologic_type,array,476,0.6282,0.7722,0.7295,0.7503,0.2278,0.1954,0.1954,,,,,,,,,,,,,,,,,,,,,,
Gemma3-12B_CoT_KSP,field,Lauren_type,categorical,476,,,,,0.0,0.1975,0.1975,382.0,0.0,,,,,,,,0.9869,0.9014,0.9719,,,,,,,,,,
Gemma3-12B_CoT_KSP,field,Differentiation,array,476,0.5084,0.583,0.6418,0.611,0.417,0.1366,0.1566,,,,,,,,,,,,,,,,,,,,,,
Gemma3-12B_CoT_KSP,field,ProximalMargin,numeric,476,,,,,0.0,0.2038,0.2046,377.0,2.0,0.0729,0.6707,0.9814,0.9841,0.9867,0.9867,0.9867,,,,,,,,,,,,,
Gemma3-12B_CoT_KSP,field,DistalMargin,numeric,476,,,,,0.0,0.2038,0.2042,378.0,1.0,0.0942,0.6934,0.9762,0.9762,0.9762,0.9788,0.9841,,,,,,,,,,,,,
Gemma3-12B_CoT_KSP,field,LymphovascularInvasion,binary,476,,,,0.9049,0.0021,0.187,0.1874,386.0,0.0,,,,,,,,0.8938,,,0.9047,,,,,,,,,
Gemma3-12B_CoT_KSP,field,PerineuralInvasion,binary,476,,,,0.9948,0.0021,0.2017,0.2021,379.0,0.0,,,,,,,,0.9974,,,0.9948,,,,,,,,,
Gemma3-12B_CoT_KSP,field,T_stage,categorical,476,,,,,0.0,0.1849,0.186,385.0,3.0,,,,,,,,0.9818,0.8198,0.9754,,,,,,,,,,
Gemma3-12B_CoT_KSP,field,N_stage,categorical,476,,,,,0.0021,0.1828,0.1835,387.0,1.0,,,,,,,,0.9974,0.9928,0.9943,,,,,,,,,,
Gemma3-12B_CoT_KSP,field,M_stage,categorical,476,,,,,0.0021,0.1828,0.1832,388.0,0.0,,,,,,,,0.9871,0.7695,0.5403,,,,,,,,,,
Gemma3-12B_CoT_KSP,field,Staging,categorical,476,,,,,0.0021,0.2458,0.2484,354.0,4.0,,,,,,,,0.6469,0.2129,0.3862,,,,,,,,,,
Gemma3-12B_CoT_KSP,field,MetastaticLymphNode,numeric,476,,,,,0.0,0.1828,0.1828,389.0,0.0,0.0103,0.1603,0.9949,,,,,,,,,0.9974,0.9974,1.0,1.0,1.0,,,,
Gemma3-12B_CoT_KSP,field,HarvestedLymphNode,numeric,476,,,,,0.0,0.1954,0.1954,383.0,0.0,0.2324,1.6279,0.9556,,,,,,,,,0.9687,0.9713,0.9765,0.9843,0.9896,,,,
Gemma3-12B_CoT_KSP,report,ALL,report,476,,,,,,,,,,,,,,,,,,,,,,,,,,0.1282,61.0,72.3608,83.5688
Qwen2.5-7B_ZeroShot_KSP,field,TumorLocation,array,476,0.8298,0.8579,0.9089,0.8827,0.1421,0.0168,0.0168,,,,,,,,,,,,,,,,,,,,,,
Qwen2.5-7B_ZeroShot_KSP,field,TumorCircumference,array,476,0.7878,0.8314,0.8189,0.8251,0.1686,0.0588,0.06,,,,,,,,,,,,,,,,,,,,,,
Qwen2.5-7B_ZeroShot_KSP,field,TumorSize,numeric,476,,,,,0.0,0.0567,0.0571,446.0,3.0,0.4334,2.2395,0.9193,0.9417,0.9507,0.9596,0.9619,,,,,,,,,,,,,
Qwen2.5-7B_ZeroShot_KSP,field,Histologic_type,array,476,0.7248,0.7335,0.7951,0.763,0.2665,0.0273,0.0273,,,,,,,,,,,,,,,,,,,,,,
Qwen2.5-7B_ZeroShot_KSP,field,Lauren_type,categorical,476,,,,,0.0,0.0336,0.0336,460.0,0.0,,,,,,,,0.9565,0.404,0.9185,,,,,,,,,,
Qwen2.5-7B_ZeroShot_KSP,field,Differentiation,array,476,0.5336,0.5609,0.6971,0.6217,0.4391,0.021,0.0241,,,,,,,,,,,,,,,,,,,,,,
Qwen2.5-7B_ZeroShot_KSP,field,ProximalMargin,numeric,476,,,,,0.0021,0.0735,0.0738,439.0,1.0,0.0595,0.5316,0.9841,0.9863,0.9863,0.9863,0.9863,,,,,,,,,,,,,
Qwen2.5-7B_ZeroShot_KSP,field,DistalMargin,numeric,476,,,,,0.0,0.0693,0.0695,442.0,1.0,0.0627,0.5598,0.9819,0.9842,0.9842,0.9864,0.9887,,,,,,,,,,,,,
Qwen2.5-7B_ZeroShot_KSP,field,LymphovascularInvasion,binary,476,,,,0.8968,0.0021,0.0252,0.0253,463.0,0.0,,,,,,,,0.8812,,,0.8928,,,,,,,,,
Qwen2.5-7B_ZeroShot_KSP,field,PerineuralInvasion,binary,476,,,,0.9845,0.0021,0.0252,0.0253,463.0,0.0,,,,,,,,0.9914,,,0.9847,,,,,,,,,
Qwen2.5-7B_ZeroShot_KSP,field,T_stage,categorical,476,,,,,0.0021,0.0252,0.0254,461.0,2.0,,,,,,,,0.9718,0.7278,0.9625,,,,,,,,,,
Qwen2.5-7B_ZeroShot_KSP,field,N_stage,categorical,476,,,,,0.0042,0.0357,0.0359,457.0,0.0,,,,,,,,0.9891,0.8168,0.9774,,,,,,,,,,
Qwen2.5-7B_ZeroShot_KSP,field,M_stage,categorical,476,,,,,0.0021,0.0,0.0,475.0,0.0,,,,,,,,0.9853,0.8562,0.713,,,,,,,,,,
Qwen2.5-7B_ZeroShot_KSP,field,Staging,categorical,476,,,,,0.0063,0.0378,0.0382,453.0,2.0,,,,,,,,0.6932,0.2814,0.5227,,,,,,,,,,
Qwen2.5-7B_ZeroShot_KSP,field,MetastaticLymphNode,numeric,476,,,,,0.0,0.0357,0.0357,459.0,0.0,0.0131,0.1746,0.9935,,,,,,,,,0.9956,0.9978,1.0,1.0,1.0,,,,
Qwen2.5-7B_ZeroShot_KSP,field,HarvestedLymphNode,numeric,476,,,,,0.0,0.0483,0.0483,453.0,0.0,2.0905,8.0855,0.8411,,,,,,,,,0.8786,0.9007,0.9051,0.9117,0.9205,,,,
Qwen2.5-7B_ZeroShot_KSP,report,ALL,report,476,,,,,,,,,,,,,,,,,,,,,,,,,,0.187,89.0,85.6092,80.4281
Qwen2.5-7B_FewShot_KSP,field,TumorLocation,array,476,0.8277,0.8726,0.895,0.8837,0.1274,0.0546,0.0546,,,,,,,,,,,,,,,,,,,,,,
Qwen2.5-7B_FewShot_KSP,field,TumorCircumference,array,476,0.7794,0.8482,0.8226,0.8352,0.1518,0.0945,0.0964,,,,,,,,,,,,,,,,,,,,,,
Qwen2.5-7B_FewShot_KSP,field,TumorSize,numeric,476,,,,,0.0,0.063,0.0634,443.0,3.0,0.4819,2.1485,0.8713,0.8984,0.9278,0.9413,0.9526,,,,,,,,,,,,,
Qwen2.5-7B_FewShot_KSP,field,Histologic_type,array,476,0.7479,0.776,0.7951,0.7854,0.224,0.0441,0.0441,,,,,,,,,,,,,,,,,,,,,,
Qwen2.5-7B_FewShot_KSP,field,Lauren_type,categorical,476,,,,,0.0,0.0546,0.0546,450.0,0.0,,,,,,,,0.9867,0.7074,0.9748,,,,,,,,,,
Qwen2.5-7B_FewShot_KSP,field,Differentiation,array,476,0.5483,0.5814,0.6779,0.626,0.4186,0.0357,0.041,,,,,,,,,,,,,,,,,,,,,,
Qwen2.5-7B_FewShot_KSP,field,ProximalMargin,numeric,476,,,,,0.0,0.0756,0.0759,438.0,2.0,0.039,0.4315,0.9886,0.9909,0.9909,0.9909,0.9909,,,,,,,,,,,,,
Qwen2.5-7B_FewShot_KSP,field,DistalMargin,numeric,476,,,,,0.0,0.0714,0.0716,441.0,1.0,0.061,0.5487,0.9819,0.9841,0.9841,0.9864,0.9887,,,,,,,,,,,,,
Qwen2.5-7B_FewShot_KSP,field,LymphovascularInvasion,binary,476,,,,0.9535,0.0,0.1092,0.1095,423.0,1.0,,,,,,,,0.9456,,,0.9444,,,,,,,,,
Qwen2.5-7B_FewShot_KSP,field,PerineuralInvasion,binary,476,,,,0.9921,0.0,0.042,0.0421,455.0,1.0,,,,,,,,0.9956,,,0.9922,,,,,,,,,
Qwen2.5-7B_FewShot_KSP,field,T_stage,categorical,476,,,,,0.0021,0.0399,0.0402,454.0,2.0,,,,,,,,0.9802,0.6597,0.9736,,,,,,,,,,
Qwen2.5-7B_FewShot_KSP,field,N_stage,categorical,476,,,,,0.0042,0.0357,0.0359,457.0,0.0,,,,,,,,0.9934,0.7069,0.9863,,,,,,,,,,
Qwen2.5-7B_FewShot_KSP,field,M_stage,categorical,476,,,,,0.0021,0.0063,0.0063,472.0,0.0,,,,,,,,0.9852,0.8562,0.713,,,,,,,,,,
Qwen2.5-7B_FewShot_KSP,field,Staging,categorical,476,,,,,0.0063,0.0378,0.0382,453.0,2.0,,,,,,,,0.7064,0.2892,0.5377,,,,,,,,,,
Qwen2.5-7B_FewShot_KSP,field,MetastaticLymphNode,numeric,476,,,,,0.0,0.0357,0.0357,459.0,0.0,0.0131,0.1746,0.9935,,,,,,,,,0.9956,0.9978,1.0,1.0,1.0,,,,
Qwen2.5-7B_FewShot_KSP,field,HarvestedLymphNode,numeric,476,,,,,0.0,0.0546,0.0546,450.0,0.0,2.7956,9.3174,0.8311,,,,,,,,,0.8578,0.8689,0.8733,0.88,0.8933,,,,
Qwen2.5-7B_FewShot_KSP,report,ALL,report,476,,,,,,,,,,,,,,,,,,,,,,,,,,0.1912,91.0,85.2022,81.4575
Qwen2.5-7B_CoT_KSP,field,TumorLocation,array,476,0.4433,0.8745,0.4693,0.6108,0.1255,0.4895,0.4895,,,,,,,,,,,,,,,,,,,,,,
Qwen2.5-7B_CoT_KSP,field,TumorCircumference,array,476,0.3929,0.7391,0.417,0.5332,0.2609,0.5,0.5096,,,,,,,,,,,,,,,,,,,,,,
Qwen2.5-7B_CoT_KSP,field,TumorSize,numeric,476,,,,,0.0,0.5147,0.518,228.0,3.0,0.4787,2.2743,0.8947,0.9211,0.943,0.9518,0.9561,,,,,,,,,,,,,
Qwen2.5-7B_CoT_KSP,field,Histologic_type,array,476,0.3613,0.7061,0.3791,0.4933,0.2939,0.4895,0.4895,,,,,,,,,,,,,,,,,,,,,,
Qwen2.5-7B_CoT_KSP,field,Lauren_type,categorical,476,,,,,0.0,0.4895,0.4895,243.0,0.0,,,,,,,,0.9383,0.6715,0.8936,,,,,,,,,,
Qwen2.5-7B_CoT_KSP,field,Differentiation,array,476,0.3235,0.5301,0.3389,0.4135,0.4699,0.4286,0.4916,,,,,,,,,,,,,,,,,,,,,,
Qwen2.5-7B_CoT_KSP,field,ProximalMargin,numeric,476,,,,,0.0,0.5231,0.5253,225.0,2.0,0.0396,0.3984,0.9867,0.9911,0.9911,0.9911,0.9911,,,,,,,,,,,,,
Qwen2.5-7B_CoT_KSP,field,DistalMargin,numeric,476,,,,,0.0,0.5231,0.5242,226.0,1.0,0.0801,0.6567,0.9779,0.9779,0.9779,0.9823,0.9867,,,,,,,,,,,,,
Qwen2.5-7B_CoT_KSP,field,LymphovascularInvasion,binary,476,,,,0.8809,0.0,0.4853,0.4863,244.0,1.0,,,,,,,,0.8648,,,0.8778,,,,,,,,,
Qwen2.5-7B_CoT_KSP,field,PerineuralInvasion,binary,476,,,,0.9618,0.0,0.4916,0.4926,241.0,1.0,,,,,,,,0.9793,,,0.9632,,,,,,,,,
Qwen2.5-7B_CoT_KSP,field,T_stage,categorical,476,,,,,0.0042,0.4895,0.4926,240.0,1.0,,,,,,,,0.9417,0.6999,0.9233,,,,,,,,,,
Qwen2.5-7B_CoT_KSP,field,N_stage,categorical,476,,,,,0.0021,0.4853,0.4873,243.0,1.0,,,,,,,,0.9794,0.9556,0.9565,,,,,,,,,,
Qwen2.5-7B_CoT_KSP,field,M_stage,categorical,476,,,,,0.0021,0.479,0.48,247.0,0.0,,,,,,,,0.9757,0.7795,0.5613,,,,,,,,,,
Qwen2.5-7B_CoT_KSP,field,Staging,categorical,476,,,,,0.0063,0.4832,0.4883,241.0,2.0,,,,,,,,0.6307,0.1639,0.4327,,,,,,,,,,
Qwen2.5-7B_CoT_KSP,field,MetastaticLymphNode,numeric,476,,,,,0.0,0.4979,0.4979,239.0,0.0,0.2134,2.1773,0.9874,,,,,,,,,0.9874,0.9874,0.9874,0.9874,0.9874,,,,
Qwen2.5-7B_CoT_KSP,field,HarvestedLymphNode,numeric,476,,,,,0.0,0.5021,0.5021,237.0,0.0,2.2532,7.4844,0.8354,,,,,,,,,0.8439,0.865,0.865,0.8776,0.8945,,,,
Qwen2.5-7B_CoT_KSP,report,ALL,report,476,,,,,,,,,,,,,,,,,,,,,,,,,,0.0609,29.0,44.157,74.415
Med42-8B_ZeroShot_KSP,field,TumorLocation,array,476,0.166,0.4162,0.6495,0.5073,0.5838,0.0462,0.0462,,,,,,,,,,,,,,,,,,,,,,
Med42-8B_ZeroShot_KSP,field,TumorCircumference,array,476,0.7542,0.814,0.7264,0.7677,0.186,0.063,0.0642,,,,,,,,,,,,,,,,,,,,,,
Med42-8B_ZeroShot_KSP,field,TumorSize,numeric,476,,,,,0.0,0.1029,0.1036,424.0,3.0,0.4085,2.2708,0.9575,0.9575,0.9623,0.9646,0.9646,,,,,,,,,,,,,
Med42-8B_ZeroShot_KSP,field,Histologic_type,array,476,0.416,0.4004,0.4529,0.425,0.5996,0.0441,0.0441,,,,,,,,,,,,,,,,,,,,,,
Med42-8B_ZeroShot_KSP,field,Lauren_type,categorical,476,,,,,0.0,0.0483,0.0483,453.0,0.0,,,,,,,,0.9669,0.4434,0.9373,,,,,,,,,,
Med42-8B_ZeroShot_KSP,field,Differentiation,array,476,0.4433,0.4545,0.5168,0.4837,0.5455,0.0378,0.0434,,,,,,,,,,,,,,,,,,,,,,
Med42-8B_ZeroShot_KSP,field,ProximalMargin,numeric,476,,,,,0.0,0.0525,0.0527,449.0,2.0,2.1871,30.4367,0.951,0.9555,0.9577,0.9577,0.9621,,,,,,,,,,,,,
Med42-8B_ZeroShot_KSP,field,DistalMargin,numeric,476,,,,,0.0,0.0672,0.0674,443.0,1.0,1.9126,37.7819,0.9639,0.9684,0.9684,0.9729,0.9819,,,,,,,,,,,,,
Med42-8B_ZeroShot_KSP,field,LymphovascularInvasion,binary,476,,,,0.9221,0.0021,0.0966,0.0968,429.0,0.0,,,,,,,,0.9114,,,0.9154,,,,,,,,,
Med42-8B_ZeroShot_KSP,field,PerineuralInvasion,binary,476,,,,0.9769,0.0021,0.0378,0.0379,457.0,0.0,,,,,,,,0.9869,,,0.9774,,,,,,,,,
Med42-8B_ZeroShot_KSP,field,T_stage,categorical,476,,,,,0.0042,0.0147,0.0148,466.0,1.0,,,,,,,,0.9399,0.2944,0.921,,,,,,,,,,
Med42-8B_ZeroShot_KSP,field,N_stage,categorical,476,,,,,0.0042,0.0105,0.0105,469.0,0.0,,,,,,,,0.9787,0.5386,0.9558,,,,,,,,,,
Med42-8B_ZeroShot_KSP,field,M_stage,categorical,476,,,,,0.0021,0.0105,0.0105,470.0,0.0,,,,,,,,0.9809,0.4275,0.658,,,,,,,,,,
Med42-8B_ZeroShot_KSP,field,Staging,categorical,476,,,,,0.0105,0.0126,0.0127,465.0,0.0,,,,,,,,0.5978,0.0611,0.3998,,,,,,,,,,
Med42-8B_ZeroShot_KSP,field,MetastaticLymphNode,numeric,476,,,,,0.0,0.0147,0.0147,469.0,0.0,0.1407,1.57,0.9808,,,,,,,,,0.9829,0.9851,0.9915,0.9936,0.9936,,,,
Med42-8B_ZeroShot_KSP,field,HarvestedLymphNode,numeric,476,,,,,0.0,0.0567,0.0567,449.0,0.0,0.1203,1.2628,0.9822,,,,,,,,,0.9844,0.9866,0.9866,0.9911,0.9955,,,,
Med42-8B_ZeroShot_KSP,report,ALL,report,476,,,,,,,,,,,,,,,,,,,,,,,,,,0.0147,7.0,77.9674,66.8663
Med42-8B_FewShot_KSP,field,TumorLocation,array,476,0.6933,0.7766,0.7089,0.7412,0.2234,0.0987,0.0987,,,,,,,,,,,,,,,,,,,,,,
Med42-8B_FewShot_KSP,field,TumorCircumference,array,476,0.7584,0.9068,0.734,0.8113,0.0932,0.1618,0.1649,,,,,,,,,,,,,,,,,,,,,,
Med42-8B_FewShot_KSP,field,TumorSize,numeric,476,,,,,0.0,0.1366,0.1374,408.0,3.0,0.4228,2.3147,0.9583,0.9583,0.9608,0.9632,0.9632,,,,,,,,,,,,,
Med42-8B_FewShot_KSP,field,Histologic_type,array,476,0.5189,0.5359,0.5348,0.5354,0.4641,0.0987,0.0987,,,,,,,,,,,,,,,,,,,,,,
Med42-8B_FewShot_KSP,field,Lauren_type,categorical,476,,,,,0.0,0.1113,0.1113,423.0,0.0,,,,,,,,0.9882,0.5951,0.9772,,,,,,,,,,
Med42-8B_FewShot_KSP,field,Differentiation,array,476,0.4811,0.5198,0.5361,0.5278,0.4802,0.0861,0.0988,,,,,,,,,,,,,,,,,,,,,,
Med42-8B_FewShot_KSP,field,ProximalMargin,numeric,476,,,,,0.0,0.2248,0.2257,367.0,2.0,1.1932,21.8398,0.9782,0.9809,0.9809,0.9809,0.9864,,,,,,,,,,,,,
Med42-8B_FewShot_KSP,field,DistalMargin,numeric,476,,,,,0.0,0.229,0.2295,366.0,1.0,0.0281,0.2593,0.9836,0.9891,0.9891,0.9891,0.9973,,,,,,,,,,,,,
Med42-8B_FewShot_KSP,field,LymphovascularInvasion,binary,476,,,,0.9455,0.0,0.2668,0.2674,348.0,1.0,,,,,,,,0.9397,,,0.9392,,,,,,,,,
Med42-8B_FewShot_KSP,field,PerineuralInvasion,binary,476,,,,0.982,0.0,0.208,0.2084,376.0,1.0,,,,,,,,0.9894,,,0.9823,,,,,,,,,
Med42-8B_FewShot_KSP,field,T_stage,categorical,476,,,,,0.0021,0.2059,0.2072,375.0,2.0,,,,,,,,0.952,0.3816,0.9368,,,,,,,,,,
Med42-8B_FewShot_KSP,field,N_stage,categorical,476,,,,,0.0042,0.2038,0.2046,377.0,0.0,,,,,,,,0.9761,0.5394,0.9534,,,,,,,,,,
Med42-8B_FewShot_KSP,field,M_stage,categorical,476,,,,,0.0021,0.1954,0.1958,382.0,0.0,,,,,,,,0.966,0.4122,0.5371,,,,,,,,,,
Med42-8B_FewShot_KSP,field,Staging,categorical,476,,,,,0.0063,0.1471,0.1486,401.0,2.0,,,,,,,,0.6359,0.1331,0.4621,,,,,,,,,,
Med42-8B_FewShot_KSP,field,MetastaticLymphNode,numeric,476,,,,,0.0,0.2038,0.2038,379.0,0.0,0.1398,1.6873,0.9842,,,,,,,,,0.9868,0.9868,0.9921,0.9947,0.9947,,,,
Med42-8B_FewShot_KSP,field,HarvestedLymphNode,numeric,476,,,,,0.0,0.2122,0.2122,375.0,0.0,0.5973,4.0272,0.9653,,,,,,,,,0.968,0.9707,0.9707,0.976,0.9787,,,,
Med42-8B_FewShot_KSP,report,ALL,report,476,,,,,,,,,,,,,,,,,,,,,,,,,,0.1092,52.0,72.1639,71.815
Med42-8B_CoT_KSP,field,TumorLocation,array,476,0.2269,0.4065,0.4733,0.4373,0.5935,0.1471,0.1471,,,,,,,,,,,,,,,,,,,,,,
Med42-8B_CoT_KSP,field,TumorCircumference,array,476,0.666,0.8546,0.6434,0.7341,0.1454,0.2164,0.2206,,,,,,,,,,,,,,,,,,,,,,
Med42-8B_CoT_KSP,field,TumorSize,numeric,476,,,,,0.0,0.2038,0.2051,376.0,3.0,0.4202,2.3377,0.9548,0.9574,0.9601,0.9654,0.9654,,,,,,,,,,,,,
Med42-8B_CoT_KSP,field,Histologic_type,array,476,0.1891,0.2104,0.207,0.2087,0.7896,0.1534,0.1534,,,,,,,,,,,,,,,,,,,,,,
Med42-8B_CoT_KSP,field,Lauren_type,categorical,476,,,,,0.0,0.1618,0.1618,399.0,0.0,,,,,,,,0.9549,0.3643,0.9152,,,,,,,,,,
Med42-8B_CoT_KSP,field,Differentiation,array,476,0.4349,0.4707,0.4639,0.4673,0.5293,0.1239,0.1422,,,,,,,,,,,,,,,,,,,,,,
Med42-8B_CoT_KSP,field,ProximalMargin,numeric,476,,,,,0.0,0.1618,0.1624,397.0,2.0,1.1267,21.0014,0.9723,0.9773,0.9773,0.9773,0.9824,,,,,,,,,,,,,
Med42-8B_CoT_KSP,field,DistalMargin,numeric,476,,,,,0.0,0.166,0.1663,396.0,1.0,2.1146,39.9605,0.9747,0.9773,0.9773,0.9773,0.9823,,,,,,,,,,,,,
Med42-8B_CoT_KSP,field,LymphovascularInvasion,binary,476,,,,0.8899,0.0,0.1576,0.1579,400.0,1.0,,,,,,,,0.875,,,0.887,,,,,,,,,
Med42-8B_CoT_KSP,field,PerineuralInvasion,binary,476,,,,0.9868,0.0,0.1513,0.1516,403.0,1.0,,,,,,,,0.9926,,,0.987,,,,,,,,,
Med42-8B_CoT_KSP,field,T_stage,categorical,476,,,,,0.0042,0.1429,0.1438,405.0,1.0,,,,,,,,0.9605,0.4042,0.9477,,,,,,,,,,
Med42-8B_CoT_KSP,field,N_stage,categorical,476,,,,,0.0042,0.1366,0.1371,409.0,0.0,,,,,,,,0.9853,0.6981,0.97,,,,,,,,,,
Med42-8B_CoT_KSP,field,M_stage,categorical,476,,,,,0.0021,0.1387,0.1389,409.0,0.0,,,,,,,,0.9878,0.8882,0.7766,,,,,,,,,,
Med42-8B_CoT_KSP,field,Staging,categorical,476,,,,,0.0105,0.1387,0.1401,405.0,0.0,,,,,,,,0.6272,0.0598,0.4367,,,,,,,,,,
Med42-8B_CoT_KSP,field,MetastaticLymphNode,numeric,476,,,,,0.0,0.1387,0.1387,410.0,0.0,0.0537,0.5674,0.9854,,,,,,,,,0.9878,0.9902,0.9976,0.9976,0.9976,,,,
Med42-8B_CoT_KSP,field,HarvestedLymphNode,numeric,476,,,,,0.0,0.1576,0.1576,401.0,0.0,0.0623,0.6453,0.9875,,,,,,,,,0.99,0.99,0.99,0.9925,0.9975,,,,
Med42-8B_CoT_KSP,report,ALL,report,476,,,,,,,,,,,,,,,,,,,,,,,,,,0.0042,2.0,68.9207,68.9281
MedGemma-4B_ZeroShot_KSP,field,TumorLocation,array,476,0.0483,0.2728,0.4495,0.3396,0.7272,0.0168,0.0168,,,,,,,,,,,,,,,,,,,,,,
MedGemma-4B_ZeroShot_KSP,field,TumorCircumference,array,476,0.3319,0.3765,0.9755,0.5434,0.6235,0.0168,0.0171,,,,,,,,,,,,,,,,,,,,,,
MedGemma-4B_ZeroShot_KSP,field,TumorSize,numeric,476,,,,,0.0,0.0588,0.0592,445.0,3.0,0.4843,2.267,0.9101,0.9191,0.9326,0.9461,0.9506,,,,,,,,,,,,,
MedGemma-4B_ZeroShot_KSP,field,Histologic_type,array,476,0.2563,0.2143,0.4426,0.2888,0.7857,0.0168,0.0168,,,,,,,,,,,,,,,,,,,,,,
MedGemma-4B_ZeroShot_KSP,field,Lauren_type,categorical,476,,,,,0.0,0.0168,0.0168,468.0,0.0,,,,,,,,0.8761,0.2672,0.7781,,,,,,,,,,
MedGemma-4B_ZeroShot_KSP,field,Differentiation,array,476,0.4706,0.472,0.6683,0.5532,0.528,0.0168,0.0193,,,,,,,,,,,,,,,,,,,,,,
MedGemma-4B_ZeroShot_KSP,field,ProximalMargin,numeric,476,,,,,0.0021,0.0798,0.0802,436.0,1.0,0.0709,0.6444,0.9794,0.9839,0.9839,0.9839,0.9885,,,,,,,,,,,,,
MedGemma-4B_ZeroShot_KSP,field,DistalMargin,numeric,476,,,,,0.0,0.0903,0.0905,432.0,1.0,0.0245,0.2537,0.9884,0.9884,0.9907,0.9931,0.9954,,,,,,,,,,,,,
MedGemma-4B_ZeroShot_KSP,field,LymphovascularInvasion,binary,476,,,,0.8843,0.0021,0.0252,0.0253,463.0,0.0,,,,,,,,0.8683,,,0.8823,,,,,,,,,
MedGemma-4B_ZeroShot_KSP,field,PerineuralInvasion,binary,476,,,,0.969,0.0021,0.0252,0.0253,463.0,0.0,,,,,,,,0.9827,,,0.9699,,,,,,,,,
MedGemma-4B_ZeroShot_KSP,field,T_stage,categorical,476,,,,,0.0063,0.0483,0.0486,450.0,0.0,,,,,,,,0.9689,0.8068,0.9585,,,,,,,,,,
MedGemma-4B_ZeroShot_KSP,field,N_stage,categorical,476,,,,,0.0042,0.0483,0.0485,451.0,0.0,,,,,,,,0.9956,0.9896,0.9906,,,,,,,,,,
MedGemma-4B_ZeroShot_KSP,field,M_stage,categorical,476,,,,,0.0021,0.0168,0.0168,467.0,0.0,,,,,,,,0.9829,0.8417,0.684,,,,,,,,,,
MedGemma-4B_ZeroShot_KSP,field,Staging,categorical,476,,,,,0.0084,0.0483,0.0488,448.0,1.0,,,,,,,,0.6362,0.1669,0.4332,,,,,,,,,,
MedGemma-4B_ZeroShot_KSP,field,MetastaticLymphNode,numeric,476,,,,,0.0,0.0546,0.0546,450.0,0.0,0.0578,0.7688,0.9889,,,,,,,,,0.9933,0.9956,0.9956,0.9956,0.9956,,,,
MedGemma-4B_ZeroShot_KSP,field,HarvestedLymphNode,numeric,476,,,,,0.0,0.0546,0.0546,450.0,0.0,1.4333,6.4809,0.9244,,,,,,,,,0.9311,0.9356,0.9356,0.9422,0.9467,,,,
MedGemma-4B_ZeroShot_KSP,report,ALL,report,476,,,,,,,,,,,,,,,,,,,,,,,,,,0.0042,2.0,73.0305,71.6925
MedGemma-4B_FewShot_KSP,field,TumorLocation,array,476,0.5903,0.6307,0.7881,0.7007,0.3693,0.0504,0.0504,,,,,,,,,,,,,,,,,,,,,,
MedGemma-4B_FewShot_KSP,field,TumorCircumference,array,476,0.6807,0.6423,0.8774,0.7416,0.3577,0.0714,0.0728,,,,,,,,,,,,,,,,,,,,,,
MedGemma-4B_FewShot_KSP,field,TumorSize,numeric,476,,,,,0.0,0.0924,0.093,429.0,3.0,0.4012,2.18,0.9534,0.9534,0.9557,0.9604,0.9627,,,,,,,,,,,,,
MedGemma-4B_FewShot_KSP,field,Histologic_type,array,476,0.4265,0.4272,0.457,0.4416,0.5728,0.0462,0.0462,,,,,,,,,,,,,,,,,,,,,,
MedGemma-4B_FewShot_KSP,field,Lauren_type,categorical,476,,,,,0.0,0.0651,0.0651,445.0,0.0,,,,,,,,0.9169,0.3702,0.848,,,,,,,,,,
MedGemma-4B_FewShot_KSP,field,Differentiation,array,476,0.5084,0.5304,0.5865,0.5571,0.4696,0.0483,0.0554,,,,,,,,,,,,,,,,,,,,,,
MedGemma-4B_FewShot_KSP,field,ProximalMargin,numeric,476,,,,,0.0,0.0903,0.0907,431.0,2.0,2.1575,31.0548,0.9791,0.9814,0.9814,0.9814,0.9861,,,,,,,,,,,,,
MedGemma-4B_FewShot_KSP,field,DistalMargin,numeric,476,,,,,0.0,0.0945,0.0947,430.0,1.0,0.0421,0.3542,0.9814,0.9837,0.9837,0.986,0.993,,,,,,,,,,,,,
MedGemma-4B_FewShot_KSP,field,LymphovascularInvasion,binary,476,,,,0.962,0.0,0.1408,0.1411,408.0,1.0,,,,,,,,0.9559,,,0.9533,,,,,,,,,
MedGemma-4B_FewShot_KSP,field,PerineuralInvasion,binary,476,,,,0.9918,0.0,0.0798,0.08,437.0,1.0,,,,,,,,0.9954,,,0.9943,,,,,,,,,
MedGemma-4B_FewShot_KSP,field,T_stage,categorical,476,,,,,0.0,0.0525,0.0529,448.0,3.0,,,,,,,,0.9509,0.68,0.9344,,,,,,,,,,
MedGemma-4B_FewShot_KSP,field,N_stage,categorical,476,,,,,0.0042,0.0525,0.0527,449.0,0.0,,,,,,,,0.9866,0.7008,0.9718,,,,,,,,,,
MedGemma-4B_FewShot_KSP,field,M_stage,categorical,476,,,,,0.0021,0.0525,0.0526,450.0,0.0,,,,,,,,0.9556,0.5271,0.5458,,,,,,,,,,
MedGemma-4B_FewShot_KSP,field,Staging,categorical,476,,,,,0.0063,0.0504,0.051,447.0,2.0,,,,,,,,0.6846,0.2344,0.5027,,,,,,,,,,
MedGemma-4B_FewShot_KSP,field,MetastaticLymphNode,numeric,476,,,,,0.0,0.0525,0.0525,451.0,0.0,0.1042,1.181,0.9823,,,,,,,,,0.9867,0.9889,0.9956,0.9956,0.9956,,,,
MedGemma-4B_FewShot_KSP,field,HarvestedLymphNode,numeric,476,,,,,0.0,0.0546,0.0546,450.0,0.0,3.4578,10.3049,0.86,,,,,,,,,0.8667,0.8667,0.8667,0.8733,0.8778,,,,
MedGemma-4B_FewShot_KSP,report,ALL,report,476,,,,,,,,,,,,,,,,,,,,,,,,,,0.0903,43.0,78.6633,72.995
MedGemma-4B_CoT_KSP,field,TumorLocation,array,476,0.0651,0.2909,0.4475,0.3526,0.7091,0.0336,0.0336,,,,,,,,,,,,,,,,,,,,,,
MedGemma-4B_CoT_KSP,field,TumorCircumference,array,476,0.3824,0.4019,0.9509,0.565,0.5981,0.0336,0.0343,,,,,,,,,,,,,,,,,,,,,,
MedGemma-4B_CoT_KSP,field,TumorSize,numeric,476,,,,,0.0021,0.0777,0.0782,436.0,2.0,0.4587,2.2615,0.9289,0.9312,0.9404,0.9495,0.9541,,,,,,,,,,,,,
MedGemma-4B_CoT_KSP,field,Histologic_type,array,476,0.2395,0.1973,0.3873,0.2614,0.8027,0.0336,0.0336,,,,,,,,,,,,,,,,,,,,,,
MedGemma-4B_CoT_KSP,field,Lauren_type,categorical,476,,,,,0.0,0.0336,0.0336,460.0,0.0,,,,,,,,0.8152,0.282,0.6864,,,,,,,,,,
MedGemma-4B_CoT_KSP,field,Differentiation,array,476,0.4937,0.4849,0.6562,0.5577,0.5151,0.0273,0.0313,,,,,,,,,,,,,,,,,,,,,,
MedGemma-4B_CoT_KSP,field,ProximalMargin,numeric,476,,,,,0.0021,0.0945,0.0949,429.0,1.0,1.1942,23.6868,0.979,0.986,0.986,0.986,0.9883,,,,,,,,,,,,,
MedGemma-4B_CoT_KSP,field,DistalMargin,numeric,476,,,,,0.0,0.1008,0.1011,427.0,1.0,0.034,0.314,0.9836,0.9883,0.9883,0.9883,0.993,,,,,,,,,,,,,
MedGemma-4B_CoT_KSP,field,LymphovascularInvasion,binary,476,,,,0.903,0.0021,0.063,0.0632,445.0,0.0,,,,,,,,0.8899,,,0.8989,,,,,,,,,
MedGemma-4B_CoT_KSP,field,PerineuralInvasion,binary,476,,,,0.9677,0.0021,0.042,0.0421,455.0,0.0,,,,,,,,0.9824,,,0.9688,,,,,,,,,
MedGemma-4B_CoT_KSP,field,T_stage,categorical,476,,,,,0.0063,0.0672,0.0677,441.0,0.0,,,,,,,,0.9728,0.8274,0.9636,,,,,,,,,,
MedGemma-4B_CoT_KSP,field,N_stage,categorical,476,,,,,0.0042,0.0651,0.0654,443.0,0.0,,,,,,,,0.9932,0.8211,0.9856,,,,,,,,,,
MedGemma-4B_CoT_KSP,field,M_stage,categorical,476,,,,,0.0021,0.0336,0.0337,459.0,0.0,,,,,,,,0.9847,0.8439,0.6886,,,,,,,,,,
MedGemma-4B_CoT_KSP,field,Staging,categorical,476,,,,,0.0105,0.0672,0.0679,439.0,0.0,,,,,,,,0.6424,0.1767,0.4407,,,,,,,,,,
MedGemma-4B_CoT_KSP,field,MetastaticLymphNode,numeric,476,,,,,0.0,0.0672,0.0672,444.0,0.0,0.0698,0.9141,0.9887,,,,,,,,,0.9932,0.9955,0.9955,0.9955,0.9955,,,,
MedGemma-4B_CoT_KSP,field,HarvestedLymphNode,numeric,476,,,,,0.0,0.0672,0.0672,444.0,0.0,1.1712,5.6549,0.9279,,,,,,,,,0.9369,0.9437,0.9437,0.9505,0.9527,,,,
MedGemma-4B_CoT_KSP,report,ALL,report,476,,,,,,,,,,,,,,,,,,,,,,,,,,0.0042,2.0,72.1901,71.2556
Qwen2.5-14B_ZeroShot,field,TumorLocation,array,476,0.8067,0.8786,0.8455,0.8618,0.1214,0.0672,0.0672,,,,,,,,,,,,,,,,,,,,,,
Qwen2.5-14B_ZeroShot,field,TumorCircumference,array,476,0.792,0.933,0.7887,0.8548,0.067,0.1555,0.1585,,,,,,,,,,,,,,,,,,,,,,
Qwen2.5-14B_ZeroShot,field,TumorSize,numeric,476,,,,,0.0,0.0882,0.0888,431.0,3.0,0.4165,2.2547,0.9304,0.9559,0.9606,0.9629,0.9652,,,,,,,,,,,,,
Qwen2.5-14B_ZeroShot,field,Histologic_type,array,476,0.6996,0.7174,0.8115,0.7615,0.2826,0.0525,0.0525,,,,,,,,,,,,,,,,,,,,,,
Qwen2.5-14B_ZeroShot,field,Lauren_type,categorical,476,,,,,0.0,0.0672,0.0672,444.0,0.0,,,,,,,,0.9887,0.5954,0.9782,,,,,,,,,,
Qwen2.5-14B_ZeroShot,field,Differentiation,array,476,0.5189,0.5521,0.6875,0.6124,0.4479,0.0441,0.0506,,,,,,,,,,,,,,,,,,,,,,
Qwen2.5-14B_ZeroShot,field,ProximalMargin,numeric,476,,,,,0.0,0.0714,0.0717,440.0,2.0,1.167,23.3869,0.975,0.9795,0.9795,0.9795,0.9841,,,,,,,,,,,,,
Qwen2.5-14B_ZeroShot,field,DistalMargin,numeric,476,,,,,0.0,0.0798,0.08,437.0,1.0,0.0556,0.4568,0.9817,0.9817,0.9817,0.9817,0.9908,,,,,,,,,,,,,
Qwen2.5-14B_ZeroShot,field,LymphovascularInvasion,binary,476,,,,0.9063,0.0,0.0504,0.0505,451.0,1.0,,,,,,,,0.8914,,,0.8997,,,,,,,,,
Qwen2.5-14B_ZeroShot,field,PerineuralInvasion,binary,476,,,,0.9961,0.0,0.0609,0.0611,446.0,1.0,,,,,,,,0.9978,,,0.9961,,,,,,,,,
Qwen2.5-14B_ZeroShot,field,T_stage,categorical,476,,,,,0.0,0.0336,0.0338,457.0,3.0,,,,,,,,0.965,0.6415,0.9534,,,,,,,,,,
Qwen2.5-14B_ZeroShot,field,N_stage,categorical,476,,,,,0.0042,0.0483,0.0485,451.0,0.0,,,,,,,,0.9911,0.8192,0.9818,,,,,,,,,,
Qwen2.5-14B_ZeroShot,field,M_stage,categorical,476,,,,,0.0021,0.1071,0.1074,424.0,0.0,,,,,,,,0.9788,0.8279,0.6557,,,,,,,,,,
Qwen2.5-14B_ZeroShot,field,Staging,categorical,476,,,,,0.0084,0.0399,0.0403,452.0,1.0,,,,,,,,0.7434,0.3444,0.5815,,,,,,,,,,
Qwen2.5-14B_ZeroShot,field,MetastaticLymphNode,numeric,476,,,,,0.0,0.0525,0.0525,451.0,0.0,0.0443,0.5244,0.9867,,,,,,,,,0.9911,0.9933,0.9978,0.9978,0.9978,,,,
Qwen2.5-14B_ZeroShot,field,HarvestedLymphNode,numeric,476,,,,,0.0,0.0546,0.0546,450.0,0.0,0.1222,1.2552,0.9822,,,,,,,,,0.9844,0.9844,0.9844,0.9911,0.9956,,,,
Qwen2.5-14B_ZeroShot,report,ALL,report,476,,,,,,,,,,,,,,,,,,,,,,,,,,0.1849,88.0,84.5588,81.9619
Qwen2.5-14B_FewShot,field,TumorLocation,array,476,0.7038,0.7798,0.7505,0.7649,0.2202,0.0714,0.0714,,,,,,,,,,,,,,,,,,,,,,
Qwen2.5-14B_FewShot,field,TumorCircumference,array,476,0.7941,0.9429,0.7792,0.8533,0.0571,0.1555,0.1585,,,,,,,,,,,,,,,,,,,,,,
Qwen2.5-14B_FewShot,field,TumorSize,numeric,476,,,,,0.0,0.063,0.0634,443.0,3.0,0.3628,2.017,0.9549,0.9549,0.9571,0.9616,0.9639,,,,,,,,,,,,,
Qwen2.5-14B_FewShot,field,Histologic_type,array,476,0.7332,0.7642,0.8299,0.7957,0.2358,0.0546,0.0546,,,,,,,,,,,,,,,,,,,,,,
Qwen2.5-14B_FewShot,field,Lauren_type,categorical,476,,,,,0.0,0.0693,0.0693,443.0,0.0,,,,,,,,0.9955,0.9158,0.9913,,,,,,,,,,
Qwen2.5-14B_FewShot,field,Differentiation,array,476,0.5441,0.581,0.7067,0.6377,0.419,0.0462,0.053,,,,,,,,,,,,,,,,,,,,,,
Qwen2.5-14B_FewShot,field,ProximalMargin,numeric,476,,,,,0.0,0.0483,0.0485,451.0,2.0,0.1348,0.8297,0.9623,0.9667,0.969,0.969,0.9712,,,,,,,,,,,,,
Qwen2.5-14B_FewShot,field,DistalMargin,numeric,476,,,,,0.0,0.0588,0.0589,447.0,1.0,0.0707,0.4925,0.9732,0.9754,0.9754,0.9776,0.9888,,,,,,,,,,,,,
Qwen2.5-14B_FewShot,field,LymphovascularInvasion,binary,476,,,,0.9029,0.0,0.0462,0.0463,453.0,1.0,,,,,,,,0.8874,,,0.8965,,,,,,,,,
Qwen2.5-14B_FewShot,field,PerineuralInvasion,binary,476,,,,0.9961,0.0,0.0651,0.0653,444.0,1.0,,,,,,,,0.9977,,,0.9961,,,,,,,,,
Qwen2.5-14B_FewShot,field,T_stage,categorical,476,,,,,0.0,0.0315,0.0317,458.0,3.0,,,,,,,,0.9672,0.7382,0.9565,,,,,,,,,,
Qwen2.5-14B_FewShot,field,N_stage,categorical,476,,,,,0.0021,0.0567,0.057,447.0,1.0,,,,,,,,0.9955,0.825,0.9908,,,,,,,,,,
Qwen2.5-14B_FewShot,field,M_stage,categorical,476,,,,,0.0,0.2143,0.2147,373.0,1.0,,,,,,,,0.9866,0.8878,0.7757,,,,,,,,,,
Qwen2.5-14B_FewShot,field,Staging,categorical,476,,,,,0.0021,0.105,0.1062,421.0,4.0,,,,,,,,0.7173,0.2584,0.531,,,,,,,,,,
Qwen2.5-14B_FewShot,field,MetastaticLymphNode,numeric,476,,,,,0.0,0.0567,0.0567,449.0,0.0,0.0245,0.2711,0.9911,,,,,,,,,0.9911,0.9955,0.9978,1.0,1.0,,,,
Qwen2.5-14B_FewShot,field,HarvestedLymphNode,numeric,476,,,,,0.0,0.0546,0.0546,450.0,0.0,0.1356,1.3768,0.9822,,,,,,,,,0.9844,0.9844,0.9844,0.9911,0.9956,,,,
Qwen2.5-14B_FewShot,report,ALL,report,476,,,,,,,,,,,,,,,,,,,,,,,,,,0.1513,72.0,83.5741,84.0519
Qwen2.5-14B_CoT,field,TumorLocation,array,476,0.7206,0.8693,0.7505,0.8055,0.1307,0.1555,0.1555,,,,,,,,,,,,,,,,,,,,,,
Qwen2.5-14B_CoT,field,TumorCircumference,array,476,0.7374,0.9392,0.7283,0.8204,0.0608,0.2143,0.2184,,,,,,,,,,,,,,,,,,,,,,
Qwen2.5-14B_CoT,field,TumorSize,numeric,476,,,,,0.0,0.1618,0.1628,396.0,3.0,0.2159,1.3973,0.9369,0.9646,0.9722,0.9773,0.9798,,,,,,,,,,,,,
Qwen2.5-14B_CoT,field,Histologic_type,array,476,0.5861,0.6688,0.6496,0.659,0.3312,0.1408,0.1408,,,,,,,,,,,,,,,,,,,,,,
Qwen2.5-14B_CoT,field,Lauren_type,categorical,476,,,,,0.0,0.1471,0.1471,406.0,0.0,,,,,,,,0.9901,0.7074,0.9812,,,,,,,,,,
Qwen2.5-14B_CoT,field,Differentiation,array,476,0.4916,0.5819,0.6659,0.6211,0.4181,0.1282,0.147,,,,,,,,,,,,,,,,,,,,,,
Qwen2.5-14B_CoT,field,ProximalMargin,numeric,476,,,,,0.0,0.1492,0.1498,403.0,2.0,0.0476,0.3906,0.9801,0.9851,0.9851,0.9851,0.9876,,,,,,,,,,,,,
Qwen2.5-14B_CoT,field,DistalMargin,numeric,476,,,,,0.0,0.1576,0.1579,400.0,1.0,0.052,0.4395,0.985,0.985,0.985,0.985,0.9875,,,,,,,,,,,,,
Qwen2.5-14B_CoT,field,LymphovascularInvasion,binary,476,,,,0.9087,0.0,0.1366,0.1368,410.0,1.0,,,,,,,,0.8951,,,0.9074,,,,,,,,,
Qwen2.5-14B_CoT,field,PerineuralInvasion,binary,476,,,,1.0,0.0,0.1366,0.1368,410.0,1.0,,,,,,,,1.0,,,1.0,,,,,,,,,
Qwen2.5-14B_CoT,field,T_stage,categorical,476,,,,,0.0,0.1261,0.1268,413.0,3.0,,,,,,,,0.9734,0.7125,0.9645,,,,,,,,,,
Qwen2.5-14B_CoT,field,N_stage,categorical,476,,,,,0.0021,0.1345,0.135,410.0,1.0,,,,,,,,0.9878,0.6124,0.975,,,,,,,,,,
Qwen2.5-14B_CoT,field,M_stage,categorical,476,,,,,0.0021,0.1513,0.1516,403.0,0.0,,,,,,,,0.9826,0.5912,0.7118,,,,,,,,,,
Qwen2.5-14B_CoT,field,Staging,categorical,476,,,,,0.0021,0.1261,0.1274,411.0,4.0,,,,,,,,0.7105,0.2832,0.5369,,,,,,,,,,
Qwen2.5-14B_CoT,field,MetastaticLymphNode,numeric,476,,,,,0.0,0.1366,0.1366,411.0,0.0,0.0389,0.5267,0.9903,,,,,,,,,0.9927,0.9951,0.9976,0.9976,0.9976,,,,
Qwen2.5-14B_CoT,field,HarvestedLymphNode,numeric,476,,,,,0.0,0.1366,0.1366,411.0,0.0,0.1241,1.2853,0.983,,,,,,,,,0.983,0.9854,0.9854,0.9903,0.9951,,,,
Qwen2.5-14B_CoT,report,ALL,report,476,,,,,,,,,,,,,,,,,,,,,,,,,,0.1639,78.0,77.2453,78.9638
Qwen2.5-7B_LowRank_FT,field,TumorLocation,array,476,0.9412,0.9526,0.9545,0.9535,0.0474,0.0,0.0,,,,,,,,,,,,,,,,,,,,,,
Qwen2.5-7B_LowRank_FT,field,TumorCircumference,array,476,0.8403,0.8497,0.8642,0.8569,0.1503,0.0,0.0,,,,,,,,,,,,,,,,,,,,,,
Qwen2.5-7B_LowRank_FT,field,TumorSize,numeric,476,,,,,0.0063,0.0,0.0,473.0,0.0,0.2114,1.1877,0.9281,0.9471,0.9556,0.9598,0.9641,,,,,,,,,,,,,
Qwen2.5-7B_LowRank_FT,field,Histologic_type,array,476,0.8908,0.9025,0.8914,0.8969,0.0975,0.0,0.0,,,,,,,,,,,,,,,,,,,,,,
Qwen2.5-7B_LowRank_FT,field,Lauren_type,categorical,476,,,,,0.0,0.0,0.0,476.0,0.0,,,,,,,,0.9622,0.8488,0.9279,,,,,,,,,,
Qwen2.5-7B_LowRank_FT,field,Differentiation,array,476,0.9076,0.934,0.9183,0.9261,0.066,0.0336,0.0386,,,,,,,,,,,,,,,,,,,,,,
Qwen2.5-7B_LowRank_FT,field,ProximalMargin,numeric,476,,,,,0.0042,0.0021,0.0021,473.0,0.0,0.2211,1.0935,0.9197,0.9471,0.9577,0.9598,0.9641,,,,,,,,,,,,,
Qwen2.5-7B_LowRank_FT,field,DistalMargin,numeric,476,,,,,0.0021,0.0042,0.0042,473.0,0.0,0.3008,1.5925,0.9218,0.945,0.9493,0.9535,0.9598,,,,,,,,,,,,,
Qwen2.5-7B_LowRank_FT,field,LymphovascularInvasion,binary,476,,,,0.9605,0.0021,0.0,0.0,475.0,0.0,,,,,,,,0.9516,,,0.9513,,,,,,,,,
Qwen2.5-7B_LowRank_FT,field,PerineuralInvasion,binary,476,,,,0.9549,0.0021,0.0,0.0,475.0,0.0,,,,,,,,0.9747,,,0.9645,,,,,,,,,
Qwen2.5-7B_LowRank_FT,field,T_stage,categorical,476,,,,,0.0042,0.0021,0.0021,472.0,1.0,,,,,,,,0.9619,0.9313,0.9489,,,,,,,,,,
Qwen2.5-7B_LowRank_FT,field,N_stage,categorical,476,,,,,0.0042,0.0042,0.0042,472.0,0.0,,,,,,,,0.9767,0.7999,0.9514,,,,,,,,,,
Qwen2.5-7B_LowRank_FT,field,M_stage,categorical,476,,,,,0.0021,0.0042,0.0042,473.0,0.0,,,,,,,,0.9852,0.8562,0.713,,,,,,,,,,
Qwen2.5-7B_LowRank_FT,field,Staging,categorical,476,,,,,0.0084,0.0021,0.0021,470.0,1.0,,,,,,,,0.8979,0.7432,0.839,,,,,,,,,,
Qwen2.5-7B_LowRank_FT,field,MetastaticLymphNode,numeric,476,,,,,0.0,0.0,0.0,476.0,0.0,0.1912,1.7471,0.9748,,,,,,,,,0.979,0.9811,0.9874,0.9895,0.9895,,,,
Qwen2.5-7B_LowRank_FT,field,HarvestedLymphNode,numeric,476,,,,,0.0,0.0,0.0,476.0,0.0,0.5462,3.061,0.9349,,,,,,,,,0.9412,0.9475,0.9559,0.9685,0.9727,,,,
Qwen2.5-7B_LowRank_FT,report,ALL,report,476,,,,,,,,,,,,,,,,,,,,,,,,,,0.6597,314.0,93.7763,90.5869
Qwen2.5-7B_HighRank_FT,field,TumorLocation,array,476,0.9475,0.9545,0.9564,0.9555,0.0455,0.0,0.0,,,,,,,,,,,,,,,,,,,,,,
Qwen2.5-7B_HighRank_FT,field,TumorCircumference,array,476,0.8445,0.8505,0.8585,0.8545,0.1495,0.0,0.0,,,,,,,,,,,,,,,,,,,,,,
Qwen2.5-7B_HighRank_FT,field,TumorSize,numeric,476,,,,,0.0063,0.0,0.0,473.0,0.0,0.1381,0.7128,0.9345,0.9556,0.9641,0.9683,0.9725,,,,,,,,,,,,,
Qwen2.5-7B_HighRank_FT,field,Histologic_type,array,476,0.895,0.8992,0.8955,0.8973,0.1008,0.0,0.0,,,,,,,,,,,,,,,,,,,,,,
Qwen2.5-7B_HighRank_FT,field,Lauren_type,categorical,476,,,,,0.0,0.0,0.0,476.0,0.0,,,,,,,,0.9643,0.8926,0.9323,,,,,,,,,,
Qwen2.5-7B_HighRank_FT,field,Differentiation,array,476,0.9076,0.9361,0.9159,0.9259,0.0639,0.0357,0.041,,,,,,,,,,,,,,,,,,,,,,
Qwen2.5-7B_HighRank_FT,field,ProximalMargin,numeric,476,,,,,0.0042,0.0021,0.0021,473.0,0.0,0.1782,0.9172,0.9323,0.945,0.9619,0.9619,0.9662,,,,,,,,,,,,,
Qwen2.5-7B_HighRank_FT,field,DistalMargin,numeric,476,,,,,0.0021,0.0021,0.0021,474.0,0.0,0.2928,1.5443,0.9346,0.9473,0.9494,0.9515,0.9536,,,,,,,,,,,,,
Qwen2.5-7B_HighRank_FT,field,LymphovascularInvasion,binary,476,,,,0.9588,0.0,0.0,0.0,475.0,1.0,,,,,,,,0.9495,,,0.9496,,,,,,,,,
Qwen2.5-7B_HighRank_FT,field,PerineuralInvasion,binary,476,,,,0.9658,0.0,0.0,0.0,475.0,1.0,,,,,,,,0.9811,,,0.9689,,,,,,,,,
Qwen2.5-7B_HighRank_FT,field,T_stage,categorical,476,,,,,0.0042,0.0021,0.0021,472.0,1.0,,,,,,,,0.9619,0.932,0.9489,,,,,,,,,,
Qwen2.5-7B_HighRank_FT,field,N_stage,categorical,476,,,,,0.0042,0.0021,0.0021,473.0,0.0,,,,,,,,0.9789,0.8018,0.9557,,,,,,,,,,
Qwen2.5-7B_HighRank_FT,field,M_stage,categorical,476,,,,,0.0021,0.0021,0.0021,474.0,0.0,,,,,,,,0.9852,0.8562,0.713,,,,,,,,,,
Qwen2.5-7B_HighRank_FT,field,Staging,categorical,476,,,,,0.0084,0.0021,0.0021,470.0,1.0,,,,,,,,0.9255,0.8315,0.8825,,,,,,,,,,
Qwen2.5-7B_HighRank_FT,field,MetastaticLymphNode,numeric,476,,,,,0.0,0.0,0.0,476.0,0.0,0.1891,1.7465,0.9769,,,,,,,,,0.979,0.9811,0.9874,0.9895,0.9895,,,,
Qwen2.5-7B_HighRank_FT,field,HarvestedLymphNode,numeric,476,,,,,0.0,0.0,0.0,476.0,0.0,0.4937,2.8752,0.9349,,,,,,,,,0.9454,0.9559,0.958,0.9664,0.9727,,,,
Qwen2.5-7B_HighRank_FT,report,ALL,report,476,,,,,,,,,,,,,,,,,,,,,,,,,,0.6975,332.0,94.2621,91.5919
Gemma3-12B_LowRank_FT,field,TumorLocation,array,476,0.937,0.9487,0.9525,0.9506,0.0513,0.0021,0.0021,,,,,,,,,,,,,,,,,,,,,,
Gemma3-12B_LowRank_FT,field,TumorCircumference,array,476,0.8403,0.8621,0.8491,0.8555,0.1379,0.0084,0.0086,,,,,,,,,,,,,,,,,,,,,,
Gemma3-12B_LowRank_FT,field,TumorSize,numeric,476,,,,,0.0063,0.0021,0.0021,472.0,0.0,0.1403,0.7035,0.9364,0.9492,0.9619,0.9682,0.9725,,,,,,,,,,,,,
Gemma3-12B_LowRank_FT,field,Histologic_type,array,476,0.8761,0.89,0.8791,0.8845,0.11,0.0021,0.0021,,,,,,,,,,,,,,,,,,,,,,
Gemma3-12B_LowRank_FT,field,Lauren_type,categorical,476,,,,,0.0,0.0021,0.0021,475.0,0.0,,,,,,,,0.96,0.8615,0.9234,,,,,,,,,,
Gemma3-12B_LowRank_FT,field,Differentiation,array,476,0.895,0.9159,0.9159,0.9159,0.0841,0.0294,0.0337,,,,,,,,,,,,,,,,,,,,,,
Gemma3-12B_LowRank_FT,field,ProximalMargin,numeric,476,,,,,0.0042,0.0021,0.0021,473.0,0.0,0.2689,1.1888,0.9175,0.9387,0.9408,0.9429,0.945,,,,,,,,,,,,,
Gemma3-12B_LowRank_FT,field,DistalMargin,numeric,476,,,,,0.0021,0.0021,0.0021,474.0,0.0,0.3304,1.7004,0.9156,0.9346,0.9409,0.9557,0.9599,,,,,,,,,,,,,
Gemma3-12B_LowRank_FT,field,LymphovascularInvasion,binary,476,,,,0.9588,0.0021,0.0021,0.0021,474.0,0.0,,,,,,,,0.9494,,,0.9485,,,,,,,,,
Gemma3-12B_LowRank_FT,field,PerineuralInvasion,binary,476,,,,0.9655,0.0021,0.0021,0.0021,474.0,0.0,,,,,,,,0.981,,,0.9687,,,,,,,,,
Gemma3-12B_LowRank_FT,field,T_stage,categorical,476,,,,,0.0063,0.0021,0.0021,472.0,0.0,,,,,,,,0.9576,0.7947,0.9432,,,,,,,,,,
Gemma3-12B_LowRank_FT,field,N_stage,categorical,476,,,,,0.0042,0.0021,0.0021,473.0,0.0,,,,,,,,0.981,0.9656,0.9599,,,,,,,,,,
Gemma3-12B_LowRank_FT,field,M_stage,categorical,476,,,,,0.0021,0.0021,0.0021,474.0,0.0,,,,,,,,0.9852,0.8562,0.713,,,,,,,,,,
Gemma3-12B_LowRank_FT,field,Staging,categorical,476,,,,,0.0105,0.0021,0.0021,470.0,0.0,,,,,,,,0.9255,0.7643,0.882,,,,,,,,,,
Gemma3-12B_LowRank_FT,field,MetastaticLymphNode,numeric,476,,,,,0.0,0.0021,0.0021,475.0,0.0,0.1747,1.71,0.9768,,,,,,,,,0.9811,0.9832,0.9895,0.9916,0.9916,,,,
Gemma3-12B_LowRank_FT,field,HarvestedLymphNode,numeric,476,,,,,0.0,0.0021,0.0021,475.0,0.0,0.6442,3.6488,0.9453,,,,,,,,,0.9474,0.9516,0.9516,0.96,0.9663,,,,
Gemma3-12B_LowRank_FT,report,ALL,report,476,,,,,,,,,,,,,,,,,,,,,,,,,,0.6786,323.0,93.6318,90.8019
Gemma3-12B_HighRank_FT,field,TumorLocation,array,476,0.9391,0.9472,0.9584,0.9528,0.0528,0.0,0.0,,,,,,,,,,,,,,,,,,,,,,
Gemma3-12B_HighRank_FT,field,TumorCircumference,array,476,0.8445,0.8947,0.834,0.8633,0.1053,0.021,0.0214,,,,,,,,,,,,,,,,,,,,,,
Gemma3-12B_HighRank_FT,field,TumorSize,numeric,476,,,,,0.0063,0.0,0.0,473.0,0.0,0.1266,0.6589,0.9387,0.9556,0.9683,0.9704,0.9725,,,,,,,,,,,,,
Gemma3-12B_HighRank_FT,field,Histologic_type,array,476,0.8908,0.9059,0.8873,0.8965,0.0941,0.0,0.0,,,,,,,,,,,,,,,,,,,,,,
Gemma3-12B_HighRank_FT,field,Lauren_type,categorical,476,,,,,0.0,0.0,0.0,476.0,0.0,,,,,,,,0.9517,0.7612,0.9066,,,,,,,,,,
Gemma3-12B_HighRank_FT,field,Differentiation,array,476,0.9076,0.9337,0.9135,0.9235,0.0663,0.0336,0.0386,,,,,,,,,,,,,,,,,,,,,,
Gemma3-12B_HighRank_FT,field,ProximalMargin,numeric,476,,,,,0.0042,0.0,0.0,474.0,0.0,0.2627,1.2152,0.9177,0.9388,0.9409,0.9473,0.9557,,,,,,,,,,,,,
Gemma3-12B_HighRank_FT,field,DistalMargin,numeric,476,,,,,0.0021,0.0,0.0,475.0,0.0,0.3008,1.5397,0.9158,0.9389,0.9453,0.9537,0.9579,,,,,,,,,,,,,
Gemma3-12B_HighRank_FT,field,LymphovascularInvasion,binary,476,,,,0.954,0.0021,0.0,0.0,475.0,0.0,,,,,,,,0.9432,,,0.9403,,,,,,,,,
Gemma3-12B_HighRank_FT,field,PerineuralInvasion,binary,476,,,,0.9621,0.0021,0.0,0.0,475.0,0.0,,,,,,,,0.9789,,,0.9674,,,,,,,,,
Gemma3-12B_HighRank_FT,field,T_stage,categorical,476,,,,,0.0063,0.0,0.0,473.0,0.0,,,,,,,,0.9598,0.9287,0.9462,,,,,,,,,,
Gemma3-12B_HighRank_FT,field,N_stage,categorical,476,,,,,0.0042,0.0,0.0,474.0,0.0,,,,,,,,0.9768,0.7999,0.9515,,,,,,,,,,
Gemma3-12B_HighRank_FT,field,M_stage,categorical,476,,,,,0.0021,0.0,0.0,475.0,0.0,,,,,,,,0.9853,0.8562,0.713,,,,,,,,,,
Gemma3-12B_HighRank_FT,field,Staging,categorical,476,,,,,0.0105,0.0,0.0,471.0,0.0,,,,,,,,0.9406,0.8242,0.9061,,,,,,,,,,
Gemma3-12B_HighRank_FT,field,MetastaticLymphNode,numeric,476,,,,,0.0,0.0,0.0,476.0,0.0,0.1912,1.7471,0.9748,,,,,,,,,0.979,0.9811,0.9874,0.9895,0.9895,,,,
Gemma3-12B_HighRank_FT,field,HarvestedLymphNode,numeric,476,,,,,0.0,0.0,0.0,476.0,0.0,0.6534,3.8071,0.9391,,,,,,,,,0.9475,0.9538,0.9559,0.9601,0.9664,,,,
Gemma3-12B_HighRank_FT,report,ALL,report,476,,,,,,,,,,,,,,,,,,,,,,,,,,0.6975,332.0,94.0389,90.5531
Llama3.1-8B_LowRank_FT,field,TumorLocation,array,476,0.9538,0.9624,0.9624,0.9624,0.0376,0.0,0.0,,,,,,,,,,,,,,,,,,,,,,
Llama3.1-8B_LowRank_FT,field,TumorCircumference,array,476,0.8466,0.8375,0.8755,0.8561,0.1625,0.0,0.0,,,,,,,,,,,,,,,,,,,,,,
Llama3.1-8B_LowRank_FT,field,TumorSize,numeric,476,,,,,0.0063,0.0,0.0,473.0,0.0,0.1319,0.6764,0.9387,0.9556,0.9662,0.9683,0.9704,,,,,,,,,,,,,
Llama3.1-8B_LowRank_FT,field,Histologic_type,array,476,0.895,0.9029,0.8955,0.8992,0.0971,0.0,0.0,,,,,,,,,,,,,,,,,,,,,,
Llama3.1-8B_LowRank_FT,field,Lauren_type,categorical,476,,,,,0.0,0.0,0.0,476.0,0.0,,,,,,,,0.9538,0.8493,0.9135,,,,,,,,,,
Llama3.1-8B_LowRank_FT,field,Differentiation,array,476,0.9055,0.9315,0.9159,0.9236,0.0685,0.0336,0.0386,,,,,,,,,,,,,,,,,,,,,,
Llama3.1-8B_LowRank_FT,field,ProximalMargin,numeric,476,,,,,0.0042,0.0,0.0,474.0,0.0,0.203,0.9064,0.9219,0.9325,0.9451,0.9536,0.9578,,,,,,,,,,,,,
Llama3.1-8B_LowRank_FT,field,DistalMargin,numeric,476,,,,,0.0021,0.0,0.0,475.0,0.0,0.2888,1.3237,0.9221,0.9347,0.9347,0.9411,0.9432,,,,,,,,,,,,,
Llama3.1-8B_LowRank_FT,field,LymphovascularInvasion,binary,476,,,,0.9814,0.0021,0.0,0.0,475.0,0.0,,,,,,,,0.9768,,,0.9739,,,,,,,,,
Llama3.1-8B_LowRank_FT,field,PerineuralInvasion,binary,476,,,,0.9695,0.0021,0.0,0.0,475.0,0.0,,,,,,,,0.9832,,,0.9704,,,,,,,,,
Llama3.1-8B_LowRank_FT,field,T_stage,categorical,476,,,,,0.0042,0.0,0.0,473.0,1.0,,,,,,,,0.9704,0.9342,0.9603,,,,,,,,,,
Llama3.1-8B_LowRank_FT,field,N_stage,categorical,476,,,,,0.0021,0.0,0.0,474.0,1.0,,,,,,,,0.981,0.9662,0.9602,,,,,,,,,,
Llama3.1-8B_LowRank_FT,field,M_stage,categorical,476,,,,,0.0021,0.0,0.0,475.0,0.0,,,,,,,,0.9853,0.8562,0.713,,,,,,,,,,
Llama3.1-8B_LowRank_FT,field,Staging,categorical,476,,,,,0.0063,0.0,0.0,471.0,2.0,,,,,,,,0.9639,0.9243,0.943,,,,,,,,,,
Llama3.1-8B_LowRank_FT,field,MetastaticLymphNode,numeric,476,,,,,0.0,0.0,0.0,476.0,0.0,0.1891,1.7465,0.9769,,,,,,,,,0.979,0.9811,0.9874,0.9895,0.9895,,,,
Llama3.1-8B_LowRank_FT,field,HarvestedLymphNode,numeric,476,,,,,0.0,0.0,0.0,476.0,0.0,0.6239,3.6383,0.9391,,,,,,,,,0.9412,0.9454,0.9538,0.9622,0.9643,,,,
Llama3.1-8B_LowRank_FT,report,ALL,report,476,,,,,,,,,,,,,,,,,,,,,,,,,,0.7353,350.0,94.5772,92.935
Llama3.1-8B_HighRank_FT,field,TumorLocation,array,476,0.9517,0.9586,0.9624,0.9605,0.0414,0.0,0.0,,,,,,,,,,,,,,,,,,,,,,
Llama3.1-8B_HighRank_FT,field,TumorCircumference,array,476,0.855,0.8688,0.8623,0.8655,0.1312,0.0084,0.0086,,,,,,,,,,,,,,,,,,,,,,
Llama3.1-8B_HighRank_FT,field,TumorSize,numeric,476,,,,,0.0063,0.0,0.0,473.0,0.0,0.1186,0.6184,0.9408,0.9556,0.9683,0.9704,0.9725,,,,,,,,,,,,,
Llama3.1-8B_HighRank_FT,field,Histologic_type,array,476,0.8908,0.8955,0.8955,0.8955,0.1045,0.0,0.0,,,,,,,,,,,,,,,,,,,,,,
Llama3.1-8B_HighRank_FT,field,Lauren_type,categorical,476,,,,,0.0,0.0,0.0,476.0,0.0,,,,,,,,0.9559,0.8874,0.9177,,,,,,,,,,
Llama3.1-8B_HighRank_FT,field,Differentiation,array,476,0.9034,0.9268,0.9135,0.9201,0.0732,0.0336,0.0386,,,,,,,,,,,,,,,,,,,,,,
Llama3.1-8B_HighRank_FT,field,ProximalMargin,numeric,476,,,,,0.0042,0.0,0.0,474.0,0.0,0.1987,0.9639,0.9262,0.9388,0.9515,0.9599,0.9662,,,,,,,,,,,,,
Llama3.1-8B_HighRank_FT,field,DistalMargin,numeric,476,,,,,0.0021,0.0,0.0,475.0,0.0,0.2539,1.194,0.9263,0.9411,0.9432,0.9474,0.9537,,,,,,,,,,,,,
Llama3.1-8B_HighRank_FT,field,LymphovascularInvasion,binary,476,,,,0.9725,0.0021,0.0,0.0,475.0,0.0,,,,,,,,0.9663,,,0.9675,,,,,,,,,
Llama3.1-8B_HighRank_FT,field,PerineuralInvasion,binary,476,,,,0.9658,0.0021,0.0,0.0,475.0,0.0,,,,,,,,0.9811,,,0.9689,,,,,,,,,
Llama3.1-8B_HighRank_FT,field,T_stage,categorical,476,,,,,0.0042,0.0,0.0,473.0,1.0,,,,,,,,0.9641,0.9297,0.9519,,,,,,,,,,
Llama3.1-8B_HighRank_FT,field,N_stage,categorical,476,,,,,0.0021,0.0,0.0,474.0,1.0,,,,,,,,0.981,0.9662,0.9602,,,,,,,,,,
Llama3.1-8B_HighRank_FT,field,M_stage,categorical,476,,,,,0.0021,0.0,0.0,475.0,0.0,,,,,,,,0.9853,0.8562,0.713,,,,,,,,,,
Llama3.1-8B_HighRank_FT,field,Staging,categorical,476,,,,,0.0063,0.0,0.0,471.0,2.0,,,,,,,,0.9597,0.9158,0.9366,,,,,,,,,,
Llama3.1-8B_HighRank_FT,field,MetastaticLymphNode,numeric,476,,,,,0.0,0.0,0.0,476.0,0.0,0.1786,1.7131,0.9769,,,,,,,,,0.979,0.9811,0.9895,0.9916,0.9916,,,,
Llama3.1-8B_HighRank_FT,field,HarvestedLymphNode,numeric,476,,,,,0.0,0.0,0.0,476.0,0.0,0.5189,2.623,0.9391,,,,,,,,,0.9433,0.9454,0.9559,0.9622,0.9664,,,,
Llama3.1-8B_HighRank_FT,report,ALL,report,476,,,,,,,,,,,,,,,,,,,,,,,,,,0.7311,348.0,94.5247,93.0944
